Date,CAN_05BB001
1/1/03,313.9468071
1/2/03,322.069149
1/3/03,330.897799
1/4/03,331.9572276
1/5/03,336.9012838
1/6/03,333.3698103
1/7/03,325.2474684
1/8/03,318.8908296
1/9/03,294.8769244
1/10/03,264.5063468
1/11/03,264.1532095
1/12/03,302.9992663
1/13/03,315.7125102
1/14/03,301.9398377
1/15/03,305.4712775
1/16/03,301.2335296
1/17/03,295.2300448
1/18/03,294.8769244
1/19/03,298.0552102
1/20/03,303.7055745
1/21/03,294.8769244
1/22/03,263.0937641
1/23/03,286.4013948
1/24/03,307.9433224
1/25/03,307.2370143
1/26/03,310.4153337
1/27/03,315.0062357
1/28/03,305.4712775
1/29/03,293.8174622
1/30/03,294.8769244
1/31/03,295.2300448
2/1/03,291.3454509
2/2/03,281.8105096
2/3/03,276.160179
2/4/03,274.7475963
2/5/03,266.9783748
2/6/03,252.8525314
2/7/03,251.0868115
2/8/03,257.4434335
2/9/03,262.3874728
2/10/03,259.9154616
2/11/03,250.3805202
2/12/03,248.6147835
2/13/03,238.0203967
2/14/03,241.5518702
2/15/03,242.6112987
2/16/03,245.4364641
2/17/03,244.0238814
2/18/03,236.9609681
2/19/03,234.8420941
2/20/03,235.5483855
2/21/03,221.422542
2/22/03,209.4155726
2/23/03,199.1743399
2/24/03,223.541416
2/25/03,227.779164
2/26/03,235.5483855
2/27/03,244.3770355
2/28/03,239.0798421
3/1/03,243.3175901
3/2/03,241.5518702
3/3/03,239.7861334
3/4/03,226.0134441
3/5/03,241.9050074
3/6/03,222.4819875
3/7/03,220.7162507
3/8/03,229.5449007
3/9/03,243.6707442
3/10/03,263.4469182
3/11/03,276.160179
3/12/03,284.2825377
3/13/03,307.2370143
3/14/03,305.1181571
3/15/03,291.3454509
3/16/03,276.160179
3/17/03,273.6881509
3/18/03,272.2755682
3/19/03,278.6321902
3/20/03,275.1007335
3/21/03,278.6321902
3/22/03,280.0447729
3/23/03,282.869955
3/24/03,277.5727616
3/25/03,273.3349968
3/26/03,274.3944422
3/27/03,276.8664703
3/28/03,275.4538876
3/29/03,277.2196075
3/30/03,281.4573555
3/31/03,296.2895071
4/1/03,292.4048795
4/2/03,281.1042183
4/3/03,271.2161228
4/4/03,271.2161228
4/5/03,275.4538876
4/6/03,273.6881509
4/7/03,282.5168009
4/8/03,291.3454509
4/9/03,309.3559051
4/10/03,311.8279163
4/11/03,321.7159949
4/12/03,325.9537429
4/13/03,338.3138664
4/14/03,350.3208358
4/15/03,344.6705052
4/16/03,343.964197
4/17/03,332.6635358
4/18/03,321.7159949
4/19/03,315.7125102
4/20/03,321.0097204
4/21/03,339.0201746
4/22/03,360.2089144
4/23/03,399.054988
4/24/03,437.901028
4/25/03,840.4874558
4/26/03,1055.90653
4/27/03,918.179603
4/28/03,812.2358026
4/29/03,720.4178289
4/30/03,656.8515756
5/1/03,653.3201021
5/2/03,674.5088757
5/3/03,699.2290553
5/4/03,656.8515756
5/5/03,618.005502
5/6/03,600.348202
5/7/03,572.0965488
5/8/03,543.8448283
5/9/03,522.6560884
5/10/03,512.0617017
5/11/03,512.0617017
5/12/03,554.4392151
5/13/03,621.5369755
5/14/03,706.2920023
5/15/03,829.8931027
5/16/03,847.5504028
5/17/03,766.3268494
5/18/03,716.8863554
5/19/03,663.9144552
5/20/03,639.1942756
5/21/03,625.068449
5/22/03,632.1313286
5/23/03,692.1661757
5/24/03,942.89985
5/25/03,2765.133297
5/26/03,4908.729416
5/27/03,4696.841815
5/28/03,4449.639615
5/29/03,4873.414816
5/30/03,5191.246217
5/31/03,5226.560817
6/1/03,5261.875417
6/2/03,5544.392218
6/3/03,4944.044016
6/4/03,4343.695814
6/5/03,4308.381214
6/6/03,4343.695814
6/7/03,4555.583415
6/8/03,5191.246217
6/9/03,5403.133818
6/10/03,5367.819217
6/11/03,5791.594419
6/12/03,5226.560817
6/13/03,5014.673216
6/14/03,5191.246217
6/15/03,4802.785616
6/16/03,4273.066614
6/17/03,4202.437414
6/18/03,4555.583415
6/19/03,5297.190017
6/20/03,5544.392218
6/21/03,5403.133818
6/22/03,4696.841815
6/23/03,4096.493613
6/24/03,3602.089212
6/25/03,3227.754504
6/26/03,3142.99941
6/27/03,3344.292523
6/28/03,3474.956705
6/29/03,3489.082599
6/30/03,3672.718412
7/1/03,3849.291413
7/2/03,3520.865524
7/3/03,3121.810704
7/4/03,2673.315121
7/5/03,2556.777102
7/6/03,2645.063603
7/7/03,2496.74212
7/8/03,2496.74212
7/9/03,2602.685921
7/10/03,2429.644596
7/11/03,2415.518702
7/12/03,2620.343221
7/13/03,2987.615116
7/14/03,3079.433022
7/15/03,2782.790597
7/16/03,2616.811815
7/17/03,2655.657821
7/18/03,2630.937709
7/19/03,2475.553414
7/20/03,2433.176002
7/21/03,2447.301896
7/22/03,2426.11292
7/23/03,2472.022008
7/24/03,2443.77022
7/25/03,2337.82642
7/26/03,2214.225454
7/27/03,2090.624354
7/28/03,2080.030001
7/29/03,2108.281654
7/30/03,2122.407413
7/31/03,2118.876007
8/1/03,2164.78496
8/2/03,2178.910854
8/3/03,2118.876007
8/4/03,2019.995154
8/5/03,1931.708653
8/6/03,1892.862512
8/7/03,1882.268159
8/8/03,1892.862512
8/9/03,1846.953559
8/10/03,1825.764853
8/11/03,1846.953559
8/12/03,1776.324359
8/13/03,1666.849152
8/14/03,1582.094058
8/15/03,1532.653699
8/16/03,1529.122158
8/17/03,1606.814305
8/18/03,1645.660311
8/19/03,1709.226699
8/20/03,1691.569399
8/21/03,1596.219952
8/22/03,1553.842405
8/23/03,1532.653699
8/24/03,1454.961552
8/25/03,1341.954804
8/26/03,1260.731251
8/27/03,1320.766098
8/28/03,1356.080698
8/29/03,1278.388551
8/30/03,1236.011004
8/31/03,1214.822298
9/1/03,1211.290757
9/2/03,1197.164998
9/3/03,1183.039104
9/4/03,1204.22781
9/5/03,1236.011004
9/6/03,1236.011004
9/7/03,1239.54241
9/8/03,1260.731251
9/9/03,1401.989652
9/10/03,1313.703151
9/11/03,1190.102051
9/12/03,1183.039104
9/13/03,1084.15825
9/14/03,1009.997577
9/15/03,995.8717502
9/16/03,1013.52905
9/17/03,978.2144501
9/18/03,932.3054296
9/19/03,900.5223029
9/20/03,896.9908295
9/21/03,865.2077028
9/22/03,836.9560497
9/23/03,840.4874558
9/24/03,854.6133497
9/25/03,829.8931027
9/26/03,812.2358026
9/27/03,791.0470291
9/28/03,780.452676
9/29/03,773.389729
9/30/03,762.795376
10/1/03,748.6695494
10/2/03,734.5436555
10/3/03,723.9493024
10/4/03,716.8863554
10/5/03,709.8234758
10/6/03,702.7605288
10/7/03,699.2290553
10/8/03,706.2920023
10/9/03,720.4178289
10/10/03,709.8234758
10/11/03,688.6347022
10/12/03,674.5088757
10/13/03,670.9774022
10/14/03,660.3830491
10/15/03,639.1942756
10/16/03,628.5998551
10/17/03,713.3549493
10/18/03,1098.284077
10/19/03,1080.626777
10/20/03,1031.18635
10/21/03,1511.464858
10/22/03,2662.720903
10/23/03,2701.566909
10/24/03,2461.42752
10/25/03,2051.778213
10/26/03,1797.5132
10/27/03,1631.534552
10/28/03,1522.059211
10/29/03,1419.646952
10/30/03,1190.102051
10/31/03,935.8369031
11/1/03,1013.52905
11/2/03,999.4031563
11/3/03,896.9908295
11/4/03,748.6695494
11/5/03,639.1942756
11/6/03,579.1594284
11/7/03,565.0336018
11/8/03,582.6909019
11/9/03,639.1942756
11/10/03,791.0470291
11/11/03,847.5504028
11/12/03,808.7043292
11/13/03,773.389729
11/14/03,745.1380759
11/15/03,731.0122493
11/16/03,783.9841495
11/17/03,801.6414496
11/18/03,783.9841495
11/19/03,748.6695494
11/20/03,670.9774022
11/21/03,614.4740285
11/22/03,515.5931752
11/23/03,473.2156281
11/24/03,603.8796754
11/25/03,618.005502
11/26/03,625.068449
11/27/03,618.005502
11/28/03,635.6628021
11/29/03,625.068449
11/30/03,582.6909019
12/1/03,554.4392151
12/2/03,504.9987884
12/3/03,550.9077753
12/4/03,589.7538489
12/5/03,572.0965488
12/6/03,575.6279549
12/7/03,579.1594284
12/8/03,550.9077753
12/9/03,547.3763018
12/10/03,529.7190017
12/11/03,476.7471016
12/12/03,437.901028
12/13/03,462.621275
12/14/03,494.4044016
12/15/03,494.4044016
12/16/03,494.4044016
12/17/03,483.8100148
12/18/03,480.278575
12/19/03,466.1527148
12/20/03,448.4954147
12/21/03,434.3695882
12/22/03,420.2437279
12/23/03,395.5235146
12/24/03,395.5235146
12/25/03,413.1808146
12/26/03,402.5864278
12/27/03,360.2089144
12/28/03,312.5342245
12/29/03,324.1880398
12/30/03,330.1915245
12/31/03,336.1950093
1/1/04,336.5481297
1/2/04,342.9047685
1/3/04,341.8453399
1/4/04,316.4188184
1/5/04,306.8838602
1/6/04,310.4153337
1/7/04,318.5377092
1/8/04,334.7823929
1/9/04,353.1460012
1/10/04,363.7403879
1/11/04,374.3347747
1/12/04,370.8033012
1/13/04,370.8033012
1/14/04,367.2718277
1/15/04,352.7928471
1/16/04,337.6075919
1/17/04,334.4292725
1/18/04,340.0796032
1/19/04,332.6635358
1/20/04,317.1250929
1/21/04,302.2929918
1/22/04,306.8838602
1/23/04,313.240499
1/24/04,305.8244316
1/25/04,289.5797142
1/26/04,275.4538876
1/27/04,282.5168009
1/28/04,289.5797142
1/29/04,296.6426275
1/30/04,316.7719725
1/31/04,330.544645
2/1/04,339.0201746
2/2/04,330.1915245
2/3/04,321.0097204
2/4/04,331.9572276
2/5/04,340.0796032
2/6/04,328.4257878
2/7/04,330.544645
2/8/04,335.135547
2/9/04,322.069149
2/10/04,326.6600511
2/11/04,323.4817317
2/12/04,316.4188184
2/13/04,324.5411602
2/14/04,319.9502919
2/15/04,347.4956705
2/16/04,360.2089144
2/17/04,346.7893624
2/18/04,344.3173511
2/19/04,334.4292725
2/20/04,322.4223031
2/21/04,311.8279163
2/22/04,306.1775857
2/23/04,302.6461122
2/24/04,309.002751
2/25/04,305.8244316
2/26/04,307.9433224
2/27/04,306.8838602
2/28/04,302.6461122
2/29/04,299.4677928
3/1/04,299.4677928
3/2/04,292.4048795
3/3/04,281.1042183
3/4/04,294.5237703
3/5/04,290.9922969
3/6/04,288.5202856
3/7/04,287.8139775
3/8/04,292.0517591
3/9/04,295.936353
3/10/04,290.6391428
3/11/04,295.936353
3/12/04,304.411849
3/13/04,300.8804091
3/14/04,293.1111877
3/15/04,288.8734397
3/16/04,290.9922969
3/17/04,292.7580336
3/18/04,292.7580336
3/19/04,290.2860224
3/20/04,282.1636468
3/21/04,286.4013948
3/22/04,302.6461122
3/23/04,304.765003
3/24/04,305.1181571
3/25/04,302.9992663
3/26/04,301.2335296
3/27/04,299.4677928
3/28/04,298.4083642
3/29/04,302.9992663
3/30/04,311.4747622
3/31/04,343.2579225
4/1/04,337.9607123
4/2/04,319.5971378
4/3/04,317.1250929
4/4/04,330.1915245
4/5/04,332.3103817
4/6/04,334.7823929
4/7/04,346.4362419
4/8/04,353.1460012
4/9/04,353.1460012
4/10/04,349.2614073
4/11/04,356.6774746
4/12/04,381.397688
4/13/04,409.6493748
4/14/04,441.4325014
4/15/04,459.0898015
4/16/04,448.4954147
4/17/04,434.3695882
4/18/04,427.3066749
4/19/04,420.2437279
4/20/04,416.7122881
4/21/04,413.1808146
4/22/04,420.2437279
4/23/04,434.3695882
4/24/04,455.558328
4/25/04,448.4954147
4/26/04,459.0898015
4/27/04,543.8448283
4/28/04,625.068449
4/29/04,625.068449
4/30/04,632.1313286
5/1/04,692.1661757
5/2/04,851.0818762
5/3/04,985.2773297
5/4/04,1059.438003
5/5/04,1158.318857
5/6/04,1084.15825
5/7/04,1002.93463
5/8/04,971.1515032
5/9/04,1059.438003
5/10/04,1091.22113
5/11/04,1055.90653
5/12/04,995.8717502
5/13/04,928.7739561
5/14/04,882.8650029
5/15/04,854.6133497
5/16/04,854.6133497
5/17/04,893.459356
5/18/04,1017.060456
5/19/04,1228.948057
5/20/04,1564.436758
5/21/04,1801.044606
5/22/04,1680.974912
5/23/04,1514.996399
5/24/04,1377.269404
5/25/04,1288.982904
5/26/04,1260.731251
5/27/04,1324.297504
5/28/04,1380.800811
5/29/04,1514.996399
5/30/04,1504.401911
5/31/04,1476.150258
6/1/04,1451.430011
6/2/04,1462.024499
6/3/04,1529.122158
6/4/04,1974.0862
6/5/04,2758.070215
6/6/04,3813.976812
6/7/04,4096.493613
6/8/04,3849.291413
6/9/04,3566.774612
6/10/04,3743.347612
6/11/04,5120.617017
6/12/04,5720.965219
6/13/04,5473.763018
6/14/04,4979.358616
6/15/04,4131.808213
6/16/04,3492.614005
6/17/04,3245.411804
6/18/04,3160.65671
6/19/04,3231.285911
6/20/04,3503.208224
6/21/04,4096.493613
6/22/04,4555.583415
6/23/04,5120.617017
6/24/04,5403.133818
6/25/04,5191.246217
6/26/04,5085.302417
6/27/04,4838.100216
6/28/04,4414.325014
6/29/04,4379.010414
6/30/04,4626.212615
7/1/04,5191.246217
7/2/04,5155.931617
7/3/04,5191.246217
7/4/04,5261.875417
7/5/04,5014.673216
7/6/04,4379.010414
7/7/04,4202.437414
7/8/04,3884.606013
7/9/04,3411.390317
7/10/04,3037.05561
7/11/04,2973.489222
7/12/04,2959.363597
7/13/04,2694.504097
7/14/04,2648.595009
7/15/04,2712.161397
7/16/04,2811.042115
7/17/04,2927.580403
7/18/04,3051.181504
7/19/04,3146.530816
7/20/04,3344.292523
7/21/04,3181.845416
7/22/04,2814.573521
7/23/04,2577.965808
7/24/04,2447.301896
7/25/04,2401.392808
7/26/04,2419.050108
7/27/04,2309.574901
7/28/04,2111.81306
7/29/04,1998.806313
7/30/04,1995.274907
7/31/04,2044.715401
8/1/04,1970.554659
8/2/04,1896.394053
8/3/04,1878.736753
8/4/04,1882.268159
8/5/04,1938.7716
8/6/04,1942.303006
8/7/04,1914.051353
8/8/04,1896.394053
8/9/04,1822.233312
8/10/04,1733.946812
8/11/04,1673.912099
8/12/04,1656.254799
8/13/04,1670.380559
8/14/04,1716.289512
8/15/04,1793.981659
8/16/04,1885.7997
8/17/04,1949.365953
8/18/04,1974.0862
8/19/04,1921.1143
8/20/04,1889.331106
8/21/04,1832.8278
8/22/04,2415.518702
8/23/04,2606.217596
8/24/04,2479.08482
8/25/04,2577.965808
8/26/04,2344.889502
8/27/04,2323.700795
8/28/04,2306.043495
8/29/04,2309.574901
8/30/04,2327.232201
8/31/04,2373.14102
9/1/04,2274.260301
9/2/04,2270.728895
9/3/04,2168.316501
9/4/04,2041.18386
9/5/04,2012.932207
9/6/04,1864.610859
9/7/04,1726.884
9/8/04,1599.751358
9/9/04,1578.562652
9/10/04,1603.282899
9/11/04,1642.128905
9/12/04,1903.457
9/13/04,1797.5132
9/14/04,1670.380559
9/15/04,1571.499705
9/16/04,1497.339099
9/17/04,1454.961552
9/18/04,1447.898605
9/19/04,1500.870505
9/20/04,1405.521058
9/21/04,1324.297504
9/22/04,1288.982904
9/23/04,1296.045851
9/24/04,1253.668304
9/25/04,1214.822298
9/26/04,1190.102051
9/27/04,1175.976157
9/28/04,1154.787451
9/29/04,1154.787451
9/30/04,1218.353704
10/1/04,1161.850398
10/2/04,1123.004257
10/3/04,1091.22113
10/4/04,1059.438003
10/5/04,1034.717756
10/6/04,1017.060456
10/7/04,1059.438003
10/8/04,1027.654877
10/9/04,1009.997577
10/10/04,1024.123403
10/11/04,985.2773297
10/12/04,953.4942031
10/13/04,932.3054296
10/14/04,939.3683765
10/15/04,1137.130151
10/16/04,1119.472851
10/17/04,1087.689657
10/18/04,1059.438003
10/19/04,1027.654877
10/20/04,988.8088032
10/21/04,981.7458563
10/22/04,957.0256766
10/23/04,946.4312561
10/24/04,914.6481295
10/25/04,875.8020559
10/26/04,865.2077028
10/27/04,783.9841495
10/28/04,794.5785026
10/29/04,836.9560497
10/30/04,801.6414496
10/31/04,776.9212025
11/1/04,723.9493024
11/2/04,773.389729
11/3/04,745.1380759
11/4/04,748.6695494
11/5/04,738.0751289
11/6/04,783.9841495
11/7/04,766.3268494
11/8/04,745.1380759
11/9/04,745.1380759
11/10/04,734.5436555
11/11/04,688.6347022
11/12/04,607.4111489
11/13/04,628.5998551
11/14/04,646.2571552
11/15/04,685.1032288
11/16/04,699.2290553
11/17/04,660.3830491
11/18/04,596.8167285
11/19/04,589.7538489
11/20/04,579.1594284
11/21/04,557.9706886
11/22/04,536.781915
11/23/04,515.5931752
11/24/04,490.8729281
11/25/04,593.285255
11/26/04,515.5931752
11/27/04,462.621275
11/28/04,441.4325014
11/29/04,388.4606013
11/30/04,402.5864278
12/1/04,423.7752014
12/2/04,462.621275
12/3/04,533.2504752
12/4/04,554.4392151
12/5/04,536.781915
12/6/04,483.8100148
12/7/04,469.6841883
12/8/04,480.278575
12/9/04,494.4044016
12/10/04,515.5931752
12/11/04,557.9706886
12/12/04,483.8100148
12/13/04,409.6493748
12/14/04,480.278575
12/15/04,550.9077753
12/16/04,504.9987884
12/17/04,501.4673149
12/18/04,480.278575
12/19/04,494.4044016
12/20/04,490.8729281
12/21/04,455.558328
12/22/04,409.6493748
12/23/04,360.2089144
12/24/04,367.2718277
12/25/04,416.7122881
12/26/04,427.3066749
12/27/04,406.1179013
12/28/04,391.9920747
12/29/04,377.8662145
12/30/04,363.7403879
12/31/04,356.6774746
1/1/05,360.2089144
1/2/05,377.8662145
1/3/05,349.6145277
1/4/05,335.8418552
1/5/05,327.3663592
1/6/05,337.2544378
1/7/05,356.6774746
1/8/05,353.1460012
1/9/05,353.1460012
1/10/05,349.9676818
1/11/05,344.3173511
1/12/05,343.2579225
1/13/05,333.3698103
1/14/05,326.306897
1/15/05,329.4852164
1/16/05,336.5481297
1/17/05,346.7893624
1/18/05,356.6774746
1/19/05,370.8033012
1/20/05,384.9291278
1/21/05,388.4606013
1/22/05,377.8662145
1/23/05,384.9291278
1/24/05,399.054988
1/25/05,399.054988
1/26/05,402.5864278
1/27/05,409.6493748
1/28/05,413.1808146
1/29/05,409.6493748
1/30/05,409.6493748
1/31/05,406.1179013
2/1/05,402.5864278
2/2/05,409.6493748
2/3/05,406.1179013
2/4/05,399.054988
2/5/05,370.8033012
2/6/05,351.7334185
2/7/05,335.8418552
2/8/05,328.4257878
2/9/05,340.7858776
2/10/05,360.2089144
2/11/05,370.8033012
2/12/05,360.2089144
2/13/05,377.8662145
2/14/05,356.6774746
2/15/05,325.9537429
2/16/05,316.7719725
2/17/05,323.1285776
2/18/05,326.6600511
2/19/05,327.0132051
2/20/05,327.3663592
2/21/05,332.6635358
2/22/05,330.544645
2/23/05,337.6075919
2/24/05,337.9607123
2/25/05,332.6635358
2/26/05,332.6635358
2/27/05,322.4223031
2/28/05,319.2439837
3/1/05,325.6006225
3/2/05,323.1285776
3/3/05,322.4223031
3/4/05,318.5377092
3/5/05,322.7754572
3/6/05,329.8383705
3/7/05,326.306897
3/8/05,318.8908296
3/9/05,329.8383705
3/10/05,329.8383705
3/11/05,332.3103817
3/12/05,335.4887011
3/13/05,332.3103817
3/14/05,329.4852164
3/15/05,327.7194796
3/16/05,326.306897
3/17/05,324.1880398
3/18/05,314.2999276
3/19/05,303.7055745
3/20/05,321.3628745
3/21/05,332.6635358
3/22/05,319.5971378
3/23/05,304.411849
3/24/05,298.0552102
3/25/05,316.4188184
3/26/05,310.7684877
3/27/05,311.1216418
3/28/05,314.6530816
3/29/05,313.5936531
3/30/05,311.8279163
3/31/05,306.5307398
4/1/05,309.7090592
4/2/05,311.8279163
4/3/05,306.5307398
4/4/05,309.3559051
4/5/05,312.5342245
4/6/05,311.4747622
4/7/05,318.1845551
4/8/05,343.2579225
4/9/05,344.3173511
4/10/05,334.7823929
4/11/05,335.135547
4/12/05,332.3103817
4/13/05,325.9537429
4/14/05,322.7754572
4/15/05,318.1845551
4/16/05,322.069149
4/17/05,344.6705052
4/18/05,341.4921858
4/19/05,337.2544378
4/20/05,349.9676818
4/21/05,377.8662145
4/22/05,427.3066749
4/23/05,519.124615
4/24/05,653.3201021
4/25/05,787.5155556
4/26/05,1017.060456
4/27/05,1119.472851
4/28/05,1045.312177
4/29/05,921.7110765
4/30/05,851.0818762
5/1/05,794.5785026
5/2/05,741.6066024
5/3/05,738.0751289
5/4/05,752.2009555
5/5/05,791.0470291
5/6/05,900.5223029
5/7/05,1041.780703
5/8/05,1211.290757
5/9/05,1359.612104
5/10/05,1370.206458
5/11/05,1292.51431
5/12/05,1317.234557
5/13/05,1511.464858
5/14/05,1889.331106
5/15/05,2433.176002
5/16/05,2856.951203
5/17/05,3672.718412
5/18/05,3637.403812
5/19/05,3185.376823
5/20/05,2779.258921
5/21/05,2440.238814
5/22/05,2175.379313
5/23/05,1998.806313
5/24/05,1815.1705
5/25/05,1698.632212
5/26/05,1677.443505
5/27/05,1864.610859
5/28/05,2263.665813
5/29/05,2814.573521
5/30/05,3266.600511
5/31/05,3672.718412
6/1/05,3919.920613
6/2/05,3884.606013
6/3/05,4096.493613
6/4/05,4273.066614
6/5/05,4555.583415
6/6/05,4626.212615
6/7/05,4590.898015
6/8/05,4167.122814
6/9/05,3778.662212
6/10/05,3531.460012
6/11/05,3496.145411
6/12/05,3450.236323
6/13/05,3446.704917
6/14/05,3319.572411
6/15/05,3022.929716
6/16/05,2722.755615
6/17/05,2676.846796
6/18/05,4732.156415
6/19/05,5014.673216
6/20/05,4908.729416
6/21/05,5085.302417
6/22/05,5650.336018
6/23/05,5897.538219
6/24/05,4979.358616
6/25/05,4343.695814
6/26/05,4096.493613
6/27/05,3813.976812
6/28/05,4025.864413
6/29/05,4273.066614
6/30/05,4308.381214
7/1/05,4484.954215
7/2/05,4308.381214
7/3/05,3884.606013
7/4/05,3474.956705
7/5/05,3270.131917
7/6/05,3566.774612
7/7/05,4096.493613
7/8/05,3708.033012
7/9/05,3520.865524
7/10/05,3273.663323
7/11/05,2938.174622
7/12/05,2772.196109
7/13/05,2800.447897
7/14/05,2800.447897
7/15/05,2655.657821
7/16/05,2698.035503
7/17/05,2948.76911
7/18/05,2888.734397
7/19/05,3167.719523
7/20/05,3107.68481
7/21/05,2807.510709
7/22/05,2652.126415
7/23/05,2938.174622
7/24/05,3093.558916
7/25/05,2807.510709
7/26/05,2510.868014
7/27/05,2298.980414
7/28/05,2203.631101
7/29/05,2238.945701
7/30/05,2267.19722
7/31/05,2228.351213
8/1/05,2231.882754
8/2/05,2249.540054
8/3/05,2097.687301
8/4/05,1931.708653
8/5/05,1815.1705
8/6/05,1786.918712
8/7/05,1793.981659
8/8/05,1811.638959
8/9/05,1758.667059
8/10/05,1698.632212
8/11/05,1709.226699
8/12/05,1610.345711
8/13/05,1514.996399
8/14/05,1426.709899
8/15/05,1423.178358
8/16/05,1469.087311
8/17/05,1917.582759
8/18/05,2034.120913
8/19/05,1744.5413
8/20/05,1592.688411
8/21/05,1525.590752
8/22/05,1539.716511
8/23/05,1688.037859
8/24/05,1839.890612
8/25/05,1620.940199
8/26/05,1539.716511
8/27/05,1500.870505
8/28/05,1469.087311
8/29/05,1483.213205
8/30/05,1522.059211
8/31/05,1412.584005
9/1/05,1334.891857
9/2/05,1292.51431
9/3/05,1416.115411
9/4/05,1373.737998
9/5/05,1327.82891
9/6/05,1253.668304
9/7/05,1186.57051
9/8/05,1140.661557
9/9/05,1243.073951
9/10/05,1401.989652
9/11/05,1356.080698
9/12/05,1303.108798
9/13/05,1281.919957
9/14/05,1260.731251
9/15/05,1303.108798
9/16/05,1366.675051
9/17/05,1320.766098
9/18/05,1267.794198
9/19/05,1225.416651
9/20/05,1250.136898
9/21/05,1221.88511
9/22/05,1190.102051
9/23/05,1168.91321
9/24/05,1133.59861
9/25/05,1101.815551
9/26/05,1073.56383
9/27/05,1098.284077
9/28/05,1091.22113
9/29/05,1130.067204
9/30/05,1755.135653
10/1/05,1857.547912
10/2/05,1705.695159
10/3/05,1553.842405
10/4/05,1447.898605
10/5/05,1359.612104
10/6/05,1296.045851
10/7/05,1260.731251
10/8/05,1232.479598
10/9/05,1179.507698
10/10/05,1133.59861
10/11/05,1115.941377
10/12/05,1098.284077
10/13/05,1084.15825
10/14/05,1073.56383
10/15/05,1048.84365
10/16/05,1038.24923
10/17/05,1115.941377
10/18/05,1175.976157
10/19/05,1112.409904
10/20/05,1098.284077
10/21/05,1048.84365
10/22/05,1017.060456
10/23/05,1002.93463
10/24/05,985.2773297
10/25/05,974.6829766
10/26/05,974.6829766
10/27/05,971.1515032
10/28/05,957.0256766
10/29/05,935.8369031
10/30/05,932.3054296
10/31/05,914.6481295
11/1/05,914.6481295
11/2/05,914.6481295
11/3/05,879.3335294
11/4/05,865.2077028
11/5/05,840.4874558
11/6/05,822.8301557
11/7/05,798.1099761
11/8/05,791.0470291
11/9/05,783.9841495
11/10/05,780.452676
11/11/05,766.3268494
11/12/05,748.6695494
11/13/05,713.3549493
11/14/05,706.2920023
11/15/05,699.2290553
11/16/05,670.9774022
11/17/05,632.1313286
11/18/05,618.005502
11/19/05,600.348202
11/20/05,582.6909019
11/21/05,565.0336018
11/22/05,547.3763018
11/23/05,533.2504752
11/24/05,519.124615
11/25/05,490.8729281
11/26/05,476.7471016
11/27/05,462.621275
11/28/05,452.0268882
11/29/05,441.4325014
11/30/05,427.3066749
12/1/05,395.5235146
12/2/05,374.3347747
12/3/05,399.054988
12/4/05,388.4606013
12/5/05,413.1808146
12/6/05,420.2437279
12/7/05,430.8381147
12/8/05,441.4325014
12/9/05,448.4954147
12/10/05,483.8100148
12/11/05,494.4044016
12/12/05,504.9987884
12/13/05,512.0617017
12/14/05,504.9987884
12/15/05,476.7471016
12/16/05,466.1527148
12/17/05,462.621275
12/18/05,441.4325014
12/19/05,434.3695882
12/20/05,459.0898015
12/21/05,487.3414883
12/22/05,515.5931752
12/23/05,512.0617017
12/24/05,497.9358751
12/25/05,487.3414883
12/26/05,480.278575
12/27/05,469.6841883
12/28/05,459.0898015
12/29/05,452.0268882
12/30/05,448.4954147
12/31/05,448.4954147
1/1/06,448.4954147
1/2/06,448.4954147
1/3/06,448.4954147
1/4/06,452.0268882
1/5/06,448.4954147
1/6/06,452.0268882
1/7/06,452.0268882
1/8/06,452.0268882
1/9/06,444.9639749
1/10/06,444.9639749
1/11/06,448.4954147
1/12/06,441.4325014
1/13/06,444.9639749
1/14/06,441.4325014
1/15/06,434.3695882
1/16/06,413.1808146
1/17/06,430.8381147
1/18/06,430.8381147
1/19/06,420.2437279
1/20/06,402.5864278
1/21/06,406.1179013
1/22/06,395.5235146
1/23/06,420.2437279
1/24/06,413.1808146
1/25/06,395.5235146
1/26/06,399.054988
1/27/06,388.4606013
1/28/06,377.8662145
1/29/06,381.397688
1/30/06,381.397688
1/31/06,377.8662145
2/1/06,374.3347747
2/2/06,367.2718277
2/3/06,363.7403879
2/4/06,367.2718277
2/5/06,363.7403879
2/6/06,331.9572276
2/7/06,334.4292725
2/8/06,353.1460012
2/9/06,338.6670205
2/10/06,298.4083642
2/11/06,297.7020897
2/12/06,317.478247
2/13/06,336.5481297
2/14/06,337.6075919
2/15/06,311.4747622
2/16/06,298.0552102
2/17/06,276.8664703
2/18/06,276.5133162
2/19/06,296.9957816
2/20/06,311.8279163
2/21/06,318.5377092
2/22/06,323.1285776
2/23/06,321.0097204
2/24/06,314.6530816
2/25/06,302.9992663
2/26/06,321.7159949
2/27/06,330.1915245
2/28/06,333.3698103
3/1/06,330.897799
3/2/06,327.7194796
3/3/06,333.3698103
3/4/06,328.7789419
3/5/06,323.8348857
3/6/06,334.7823929
3/7/06,331.2509531
3/8/06,322.069149
3/9/06,317.831401
3/10/06,301.2335296
3/11/06,305.1181571
3/12/06,301.2335296
3/13/06,299.8209469
3/14/06,305.4712775
3/15/06,314.6530816
3/16/06,309.3559051
3/17/06,313.9468071
3/18/06,313.5936531
3/19/06,307.5901683
3/20/06,307.2370143
3/21/06,307.9433224
3/22/06,307.5901683
3/23/06,309.3559051
3/24/06,305.1181571
3/25/06,302.2929918
3/26/06,301.9398377
3/27/06,297.3489357
3/28/06,295.5831989
3/29/06,298.7615183
3/30/06,297.7020897
3/31/06,297.3489357
4/1/06,300.174101
4/2/06,300.174101
4/3/06,298.0552102
4/4/06,297.7020897
4/5/06,296.2895071
4/6/06,300.174101
4/7/06,305.1181571
4/8/06,325.2474684
4/9/06,339.7264491
4/10/06,327.3663592
4/11/06,328.4257878
4/12/06,330.1915245
4/13/06,329.4852164
4/14/06,328.0726337
4/15/06,335.4887011
4/16/06,335.4887011
4/17/06,335.4887011
4/18/06,356.6774746
4/19/06,413.1808146
4/20/06,483.8100148
4/21/06,582.6909019
4/22/06,504.9987884
4/23/06,512.0617017
4/24/06,550.9077753
4/25/06,603.8796754
4/26/06,670.9774022
4/27/06,653.3201021
4/28/06,667.4459287
4/29/06,812.2358026
4/30/06,844.0189293
5/1/06,844.0189293
5/2/06,808.7043292
5/3/06,734.5436555
5/4/06,695.6976492
5/5/06,745.1380759
5/6/06,861.6762293
5/7/06,889.9279498
5/8/06,854.6133497
5/9/06,805.1728557
5/10/06,780.452676
5/11/06,780.452676
5/12/06,840.4874558
5/13/06,879.3335294
5/14/06,861.6762293
5/15/06,953.4942031
5/16/06,1366.675051
5/17/06,2309.574901
5/18/06,3602.089212
5/19/06,4802.785616
5/20/06,5120.617017
5/21/06,5932.852819
5/22/06,5791.594419
5/23/06,5650.336018
5/24/06,5932.852819
5/25/06,5650.336018
5/26/06,5049.987816
5/27/06,4343.695814
5/28/06,3672.718412
5/29/06,3199.502717
5/30/06,2952.300516
5/31/06,2761.601621
6/1/06,2902.860022
6/2/06,3489.082599
6/3/06,4025.864413
6/4/06,4131.808213
6/5/06,3884.606013
6/6/06,3778.662212
6/7/06,3566.774612
6/8/06,3778.662212
6/9/06,4096.493613
6/10/06,4379.010414
6/11/06,4096.493613
6/12/06,3778.662212
6/13/06,3566.774612
6/14/06,4096.493613
6/15/06,4873.414816
6/16/06,5897.538219
6/17/06,5509.077618
6/18/06,4661.527215
6/19/06,3955.235213
6/20/06,3602.089212
6/21/06,3369.012905
6/22/06,3097.090322
6/23/06,2902.860022
6/24/06,2747.475997
6/25/06,2743.944321
6/26/06,2916.985916
6/27/06,3178.31401
6/28/06,3457.299405
6/29/06,3602.089212
6/30/06,3467.893624
7/1/06,3224.223098
7/2/06,3058.244316
7/3/06,2969.957816
7/4/06,2909.923103
7/5/06,2998.209604
7/6/06,3047.650098
7/7/06,3174.782604
7/8/06,2991.146522
7/9/06,2807.510709
7/10/06,3139.468004
7/11/06,3188.908498
7/12/06,2881.671316
7/13/06,2652.126415
7/14/06,2524.993908
7/15/06,2390.79832
7/16/06,2228.351213
7/17/06,2087.092813
7/18/06,2005.86926
7/19/06,1924.645706
7/20/06,1829.296259
7/21/06,1811.638959
7/22/06,1899.925459
7/23/06,2069.435513
7/24/06,2256.603001
7/25/06,2309.574901
7/26/06,2288.386195
7/27/06,2277.791707
7/28/06,2249.540054
7/29/06,2171.847907
7/30/06,2097.687301
7/31/06,1942.303006
8/1/06,1677.443505
8/2/06,1536.185105
8/3/06,1433.772711
8/4/06,1380.800811
8/5/06,1331.360451
8/6/06,1260.731251
8/7/06,1253.668304
8/8/06,1310.17161
8/9/06,1384.332351
8/10/06,1500.870505
8/11/06,1829.296259
8/12/06,1765.730006
8/13/06,1589.157005
8/14/06,1451.430011
8/15/06,1416.115411
8/16/06,1409.052598
8/17/06,1366.675051
8/18/06,1338.423398
8/19/06,1345.486211
8/20/06,1349.017751
8/21/06,1352.549157
8/22/06,1373.737998
8/23/06,1469.087311
8/24/06,1437.304252
8/25/06,1349.017751
8/26/06,1296.045851
8/27/06,1292.51431
8/28/06,1285.451498
8/29/06,1313.703151
8/30/06,1585.625599
8/31/06,1808.107553
9/1/06,1507.933452
9/2/06,1366.675051
9/3/06,1313.703151
9/4/06,1288.982904
9/5/06,1292.51431
9/6/06,1306.640204
9/7/06,1317.234557
9/8/06,1310.17161
9/9/06,1299.577257
9/10/06,1317.234557
9/11/06,1264.262657
9/12/06,1232.479598
9/13/06,1257.19971
9/14/06,1313.703151
9/15/06,1239.54241
9/16/06,1168.91321
9/17/06,1098.284077
9/18/06,1052.375056
9/19/06,1041.780703
9/20/06,1045.312177
9/21/06,1041.780703
9/22/06,1027.654877
9/23/06,988.8088032
9/24/06,960.5571501
9/25/06,949.9627296
9/26/06,953.4942031
9/27/06,981.7458563
9/28/06,992.3402767
9/29/06,1006.466103
9/30/06,999.4031563
10/1/06,992.3402767
10/2/06,960.5571501
10/3/06,935.8369031
10/4/06,893.459356
10/5/06,865.2077028
10/6/06,851.0818762
10/7/06,851.0818762
10/8/06,822.8301557
10/9/06,794.5785026
10/10/06,776.9212025
10/11/06,762.795376
10/12/06,745.1380759
10/13/06,731.0122493
10/14/06,720.4178289
10/15/06,713.3549493
10/16/06,727.4807758
10/17/06,709.8234758
10/18/06,688.6347022
10/19/06,674.5088757
10/20/06,667.4459287
10/21/06,653.3201021
10/22/06,628.5998551
10/23/06,625.068449
10/24/06,618.005502
10/25/06,610.942555
10/26/06,603.8796754
10/27/06,614.4740285
10/28/06,614.4740285
10/29/06,565.0336018
10/30/06,490.8729281
10/31/06,406.1179013
11/1/06,384.9291278
11/2/06,406.1179013
11/3/06,448.4954147
11/4/06,515.5931752
11/5/06,554.4392151
11/6/06,561.5021284
11/7/06,572.0965488
11/8/06,575.6279549
11/9/06,561.5021284
11/10/06,550.9077753
11/11/06,557.9706886
11/12/06,540.3133885
11/13/06,522.6560884
11/14/06,490.8729281
11/15/06,494.4044016
11/16/06,494.4044016
11/17/06,455.558328
11/18/06,459.0898015
11/19/06,469.6841883
11/20/06,469.6841883
11/21/06,455.558328
11/22/06,448.4954147
11/23/06,441.4325014
11/24/06,427.3066749
11/25/06,334.0761184
11/26/06,289.9328683
11/27/06,287.8139775
11/28/06,302.2929918
11/29/06,325.9537429
11/30/06,377.8662145
12/1/06,409.6493748
12/2/06,423.7752014
12/3/06,420.2437279
12/4/06,434.3695882
12/5/06,455.558328
12/6/06,459.0898015
12/7/06,459.0898015
12/8/06,459.0898015
12/9/06,444.9639749
12/10/06,427.3066749
12/11/06,416.7122881
12/12/06,413.1808146
12/13/06,399.054988
12/14/06,391.9920747
12/15/06,388.4606013
12/16/06,377.8662145
12/17/06,332.3103817
12/18/06,329.4852164
12/19/06,377.8662145
12/20/06,370.8033012
12/21/06,377.8662145
12/22/06,381.397688
12/23/06,367.2718277
12/24/06,342.1984603
12/25/06,356.6774746
12/26/06,370.8033012
12/27/06,370.8033012
12/28/06,356.6774746
12/29/06,316.4188184
12/30/06,330.1915245
12/31/06,344.3173511
1/1/07,356.6774746
1/2/07,370.8033012
1/3/07,381.397688
1/4/07,377.8662145
1/5/07,363.7403879
1/6/07,370.8033012
1/7/07,374.3347747
1/8/07,374.3347747
1/9/07,374.3347747
1/10/07,377.8662145
1/11/07,345.0236593
1/12/07,319.5971378
1/13/07,331.6041072
1/14/07,340.7858776
1/15/07,333.7229644
1/16/07,345.7299338
1/17/07,353.1460012
1/18/07,331.6041072
1/19/07,337.2544378
1/20/07,345.3767797
1/21/07,329.4852164
1/22/07,333.0166899
1/23/07,330.544645
1/24/07,327.0132051
1/25/07,319.2439837
1/26/07,307.2370143
1/27/07,286.4013948
1/28/07,290.2860224
1/29/07,291.698605
1/30/07,300.174101
1/31/07,297.3489357
2/1/07,305.4712775
2/2/07,301.5866836
2/3/07,302.9992663
2/4/07,308.2964428
2/5/07,320.3034123
2/6/07,332.6635358
2/7/07,335.8418552
2/8/07,319.9502919
2/9/07,301.5866836
2/10/07,307.2370143
2/11/07,311.1216418
2/12/07,295.5831989
2/13/07,284.9888122
2/14/07,281.8105096
2/15/07,316.4188184
2/16/07,326.306897
2/17/07,317.831401
2/18/07,313.5936531
2/19/07,311.1216418
2/20/07,309.7090592
2/21/07,304.411849
2/22/07,297.7020897
2/23/07,293.1111877
2/24/07,302.2929918
2/25/07,321.7159949
2/26/07,325.2474684
2/27/07,321.3628745
2/28/07,310.4153337
3/1/07,307.2370143
3/2/07,309.3559051
3/3/07,317.831401
3/4/07,321.3628745
3/5/07,328.4257878
3/6/07,327.3663592
3/7/07,319.5971378
3/8/07,323.1285776
3/9/07,316.4188184
3/10/07,311.8279163
3/11/07,316.0656643
3/12/07,328.4257878
3/13/07,331.9572276
3/14/07,328.4257878
3/15/07,326.306897
3/16/07,346.7893624
3/17/07,347.8488246
3/18/07,349.9676818
3/19/07,350.3208358
3/20/07,363.7403879
3/21/07,350.6739899
3/22/07,341.4921858
3/23/07,341.8453399
3/24/07,349.9676818
3/25/07,353.1460012
3/26/07,356.6774746
3/27/07,353.1460012
3/28/07,353.1460012
3/29/07,349.9676818
3/30/07,349.6145277
3/31/07,351.0271103
4/1/07,349.9676818
4/2/07,334.4292725
4/3/07,317.478247
4/4/07,319.9502919
4/5/07,322.4223031
4/6/07,318.8908296
4/7/07,323.4817317
4/8/07,339.0201746
4/9/07,367.2718277
4/10/07,377.8662145
4/11/07,374.3347747
4/12/07,363.7403879
4/13/07,363.7403879
4/14/07,367.2718277
4/15/07,370.8033012
4/16/07,367.2718277
4/17/07,367.2718277
4/18/07,367.2718277
4/19/07,363.7403879
4/20/07,367.2718277
4/21/07,363.7403879
4/22/07,363.7403879
4/23/07,367.2718277
4/24/07,381.397688
4/25/07,402.5864278
4/26/07,416.7122881
4/27/07,423.7752014
4/28/07,452.0268882
4/29/07,515.5931752
4/30/07,515.5931752
5/1/07,501.4673149
5/2/07,522.6560884
5/3/07,603.8796754
5/4/07,674.5088757
5/5/07,646.2571552
5/6/07,618.005502
5/7/07,625.068449
5/8/07,723.9493024
5/9/07,1024.123403
5/10/07,1228.948057
5/11/07,1264.262657
5/12/07,1387.863758
5/13/07,1631.534552
5/14/07,1585.625599
5/15/07,1550.310999
5/16/07,1762.1986
5/17/07,2235.41416
5/18/07,2740.412915
5/19/07,3181.845416
5/20/07,3305.446517
5/21/07,2962.895004
5/22/07,2549.714021
5/23/07,2323.700795
5/24/07,2253.07146
5/25/07,2048.246807
5/26/07,1963.491713
5/27/07,2030.589507
5/28/07,2242.477107
5/29/07,2351.952314
5/30/07,2768.664703
5/31/07,3503.208224
6/1/07,4449.639615
6/2/07,5473.763018
6/3/07,6497.886421
6/4/07,7416.066024
6/5/07,8546.133228
6/6/07,9711.515032
6/7/07,10523.75083
6/8/07,9075.85223
6/9/07,7769.212025
6/10/07,6815.717822
6/11/07,6497.886421
6/12/07,5968.167419
6/13/07,5049.987816
6/14/07,4379.010414
6/15/07,3884.606013
6/16/07,3813.976812
6/17/07,4202.437414
6/18/07,4414.325014
6/19/07,4414.325014
6/20/07,4449.639615
6/21/07,5085.302417
6/22/07,5579.706818
6/23/07,5579.706818
6/24/07,5226.560817
6/25/07,4732.156415
6/26/07,4096.493613
6/27/07,3813.976812
6/28/07,3884.606013
6/29/07,4343.695814
6/30/07,5226.560817
7/1/07,4979.358616
7/2/07,4484.954215
7/3/07,4202.437414
7/4/07,4273.066614
7/5/07,4626.212615
7/6/07,5261.875417
7/7/07,5720.965219
7/8/07,5297.190017
7/9/07,4590.898015
7/10/07,4237.752014
7/11/07,3990.549813
7/12/07,4025.864413
7/13/07,4237.752014
7/14/07,4414.325014
7/15/07,4484.954215
7/16/07,4449.639615
7/17/07,4273.066614
7/18/07,4202.437414
7/19/07,4555.583415
7/20/07,4661.527215
7/21/07,4202.437414
7/22/07,3813.976812
7/23/07,3602.089212
7/24/07,3778.662212
7/25/07,3708.033012
7/26/07,3298.383705
7/27/07,3022.929716
7/28/07,2885.202722
7/29/07,2825.168009
7/30/07,2761.601621
7/31/07,2641.532196
8/1/07,2394.329996
8/2/07,2228.351213
8/3/07,2154.190607
8/4/07,2111.81306
8/5/07,2019.995154
8/6/07,1963.491713
8/7/07,1917.582759
8/8/07,2005.86926
8/9/07,2080.030001
8/10/07,2306.043495
8/11/07,2309.574901
8/12/07,1988.21196
8/13/07,1790.450253
8/14/07,1680.974912
8/15/07,1592.688411
8/16/07,1543.248052
8/17/07,1564.436758
8/18/07,1610.345711
8/19/07,1663.317612
8/20/07,1666.849152
8/21/07,1567.968299
8/22/07,1451.430011
8/23/07,1363.143511
8/24/07,1306.640204
8/25/07,1267.794198
8/26/07,1303.108798
8/27/07,1380.800811
8/28/07,1313.703151
8/29/07,1225.416651
8/30/07,1175.976157
8/31/07,1211.290757
9/1/07,1497.339099
9/2/07,1557.373811
9/3/07,1522.059211
9/4/07,1543.248052
9/5/07,1476.150258
9/6/07,1437.304252
9/7/07,1349.017751
9/8/07,1267.794198
9/9/07,1183.039104
9/10/07,1119.472851
9/11/07,1101.815551
9/12/07,1232.479598
9/13/07,1274.85701
9/14/07,1175.976157
9/15/07,1126.53573
9/16/07,1094.752604
9/17/07,1066.50095
9/18/07,1031.18635
9/19/07,999.4031563
9/20/07,960.5571501
9/21/07,932.3054296
9/22/07,928.7739561
9/23/07,939.3683765
9/24/07,921.7110765
9/25/07,886.3964764
9/26/07,868.7391763
9/27/07,847.5504028
9/28/07,844.0189293
9/29/07,939.3683765
9/30/07,904.0537764
10/1/07,868.7391763
10/2/07,854.6133497
10/3/07,868.7391763
10/4/07,844.0189293
10/5/07,822.8301557
10/6/07,805.1728557
10/7/07,787.5155556
10/8/07,780.452676
10/9/07,776.9212025
10/10/07,773.389729
10/11/07,787.5155556
10/12/07,780.452676
10/13/07,762.795376
10/14/07,748.6695494
10/15/07,738.0751289
10/16/07,731.0122493
10/17/07,727.4807758
10/18/07,713.3549493
10/19/07,706.2920023
10/20/07,709.8234758
10/21/07,695.6976492
10/22/07,685.1032288
10/23/07,688.6347022
10/24/07,716.8863554
10/25/07,826.3616292
10/26/07,762.795376
10/27/07,667.4459287
10/28/07,656.8515756
10/29/07,656.8515756
10/30/07,653.3201021
10/31/07,639.1942756
11/1/07,625.068449
11/2/07,610.942555
11/3/07,621.5369755
11/4/07,618.005502
11/5/07,614.4740285
11/6/07,600.348202
11/7/07,610.942555
11/8/07,596.8167285
11/9/07,596.8167285
11/10/07,586.2223754
11/11/07,565.0336018
11/12/07,568.5650753
11/13/07,575.6279549
11/14/07,561.5021284
11/15/07,540.3133885
11/16/07,550.9077753
11/17/07,540.3133885
11/18/07,529.7190017
11/19/07,452.0268882
11/20/07,377.8662145
11/21/07,331.9572276
11/22/07,325.9537429
11/23/07,339.373295
11/24/07,353.1460012
11/25/07,391.9920747
11/26/07,406.1179013
11/27/07,416.7122881
11/28/07,430.8381147
11/29/07,420.2437279
11/30/07,377.8662145
12/1/07,349.2614073
12/2/07,356.6774746
12/3/07,395.5235146
12/4/07,413.1808146
12/5/07,452.0268882
12/6/07,480.278575
12/7/07,455.558328
12/8/07,409.6493748
12/9/07,416.7122881
12/10/07,420.2437279
12/11/07,423.7752014
12/12/07,427.3066749
12/13/07,423.7752014
12/14/07,420.2437279
12/15/07,416.7122881
12/16/07,420.2437279
12/17/07,423.7752014
12/18/07,416.7122881
12/19/07,409.6493748
12/20/07,406.1179013
12/21/07,384.9291278
12/22/07,347.8488246
12/23/07,388.4606013
12/24/07,395.5235146
12/25/07,391.9920747
12/26/07,381.397688
12/27/07,370.8033012
12/28/07,353.1460012
12/29/07,349.6145277
12/30/07,348.9082532
12/31/07,347.4956705
1/1/08,332.6635358
1/2/08,327.0132051
1/3/08,342.9047685
1/4/08,348.9082532
1/5/08,349.2614073
1/6/08,344.3173511
1/7/08,340.4327572
1/8/08,343.611043
1/9/08,347.4956705
1/10/08,349.9676818
1/11/08,347.4956705
1/12/08,341.1390317
1/13/08,337.9607123
1/14/08,333.3698103
1/15/08,334.4292725
1/16/08,295.5831989
1/17/08,312.1810704
1/18/08,336.9012838
1/19/08,337.9607123
1/20/08,316.4188184
1/21/08,289.2265601
1/22/08,313.9468071
1/23/08,317.478247
1/24/08,314.6530816
1/25/08,321.7159949
1/26/08,330.1915245
1/27/08,314.2999276
1/28/08,299.4677928
1/29/08,291.3454509
1/30/08,298.4083642
1/31/08,303.7055745
2/1/08,303.7055745
2/2/08,306.8838602
2/3/08,305.1181571
2/4/08,300.5272551
2/5/08,302.2929918
2/6/08,304.411849
2/7/08,302.6461122
2/8/08,302.2929918
2/9/08,299.1146724
2/10/08,287.8139775
2/11/08,300.174101
2/12/08,305.4712775
2/13/08,309.7090592
2/14/08,304.765003
2/15/08,306.5307398
2/16/08,302.6461122
2/17/08,293.4643418
2/18/08,296.2895071
2/19/08,290.9922969
2/20/08,289.2265601
2/21/08,287.8139775
2/22/08,288.5202856
2/23/08,288.8734397
2/24/08,286.4013948
2/25/08,289.9328683
2/26/08,285.3419662
2/27/08,294.5237703
2/28/08,290.6391428
2/29/08,276.160179
3/1/08,278.2790529
3/2/08,272.2755682
3/3/08,265.5657922
3/4/08,272.9818596
3/5/08,258.5028789
3/6/08,265.5657922
3/7/08,274.7475963
3/8/08,267.3315289
3/9/08,260.6217529
3/10/08,263.0937641
3/11/08,262.7406269
3/12/08,261.3280442
3/13/08,253.9119768
3/14/08,250.3805202
3/15/08,256.7371422
3/16/08,258.5028789
3/17/08,258.5028789
3/18/08,256.7371422
3/19/08,255.6776968
3/20/08,259.2091702
3/21/08,265.5657922
3/22/08,263.4469182
3/23/08,257.0902962
3/24/08,262.0343355
3/25/08,249.6742289
3/26/08,250.7336574
3/27/08,250.7336574
3/28/08,253.2056855
3/29/08,257.7965876
3/30/08,252.4993942
3/31/08,247.2022008
4/1/08,250.7336574
4/2/08,261.3280442
4/3/08,265.2126549
4/4/08,269.4504029
4/5/08,271.5692769
4/6/08,272.2755682
4/7/08,274.041305
4/8/08,274.3944422
4/9/08,276.5133162
4/10/08,278.2790529
4/11/08,277.5727616
4/12/08,285.6951203
4/13/08,304.0586949
4/14/08,331.9572276
4/15/08,324.8943143
4/16/08,317.478247
4/17/08,312.8873449
4/18/08,322.4223031
4/19/08,304.765003
4/20/08,293.4643418
4/21/08,293.1111877
4/22/08,294.5237703
4/23/08,299.1146724
4/24/08,300.8804091
4/25/08,299.8209469
4/26/08,294.1706163
4/27/08,298.4083642
4/28/08,307.2370143
4/29/08,326.306897
4/30/08,336.5481297
5/1/08,330.897799
5/2/08,325.2474684
5/3/08,334.7823929
5/4/08,356.6774746
5/5/08,391.9920747
5/6/08,420.2437279
5/7/08,444.9639749
5/8/08,483.8100148
5/9/08,466.1527148
5/10/08,444.9639749
5/11/08,444.9639749
5/12/08,459.0898015
5/13/08,476.7471016
5/14/08,494.4044016
5/15/08,540.3133885
5/16/08,833.4245762
5/17/08,1221.88511
5/18/08,1786.918712
5/19/08,2659.189496
5/20/08,2659.189496
5/21/08,3506.739899
5/22/08,3436.110699
5/23/08,2902.860022
5/24/08,2602.685921
5/25/08,2832.230821
5/26/08,3005.272416
5/27/08,2698.035503
5/28/08,2712.161397
5/29/08,2948.76911
5/30/08,3287.789217
5/31/08,3460.830811
6/1/08,3813.976812
6/2/08,4202.437414
6/3/08,4661.527215
6/4/08,4732.156415
6/5/08,4838.100216
6/6/08,4873.414816
6/7/08,4343.695814
6/8/08,3778.662212
6/9/08,3407.858911
6/10/08,3146.530816
6/11/08,2984.08371
6/12/08,2733.350103
6/13/08,2751.007403
6/14/08,3128.873516
6/15/08,2909.923103
6/16/08,2828.699415
6/17/08,3001.74101
6/18/08,3174.782604
6/19/08,3104.153404
6/20/08,3026.461122
6/21/08,3178.31401
6/22/08,4237.752014
6/23/08,4802.785616
6/24/08,4484.954215
6/25/08,4379.010414
6/26/08,4131.808213
6/27/08,3672.718412
6/28/08,3672.718412
6/29/08,4167.122814
6/30/08,5120.617017
7/1/08,5756.279819
7/2/08,5650.336018
7/3/08,5332.504617
7/4/08,5261.875417
7/5/08,5403.133818
7/6/08,4908.729416
7/7/08,4449.639615
7/8/08,3813.976812
7/9/08,3323.103817
7/10/08,3354.887011
7/11/08,3531.460012
7/12/08,3047.650098
7/13/08,2729.818697
7/14/08,2690.972421
7/15/08,2701.566909
7/16/08,2606.217596
7/17/08,2436.707408
7/18/08,2411.987296
7/19/08,2348.420908
7/20/08,2235.41416
7/21/08,2253.07146
7/22/08,2433.176002
7/23/08,2722.755615
7/24/08,2991.146522
7/25/08,2712.161397
7/26/08,2510.868014
7/27/08,2567.371321
7/28/08,2634.469115
7/29/08,2454.364708
7/30/08,2334.295014
7/31/08,2193.036613
8/1/08,2016.463613
8/2/08,2041.18386
8/3/08,1843.422153
8/4/08,1716.289512
8/5/08,1635.065958
8/6/08,1610.345711
8/7/08,1638.597499
8/8/08,1723.352459
8/9/08,1917.582759
8/10/08,2390.79832
8/11/08,2210.693913
8/12/08,1903.457
8/13/08,1733.946812
8/14/08,1642.128905
8/15/08,1652.723258
8/16/08,1762.1986
8/17/08,1864.610859
8/18/08,1984.680553
8/19/08,2090.624354
8/20/08,2260.134407
8/21/08,2143.596254
8/22/08,2200.09956
8/23/08,1917.582759
8/24/08,1730.415406
8/25/08,1698.632212
8/26/08,1765.730006
8/27/08,1592.688411
8/28/08,1458.492958
8/29/08,1419.646952
8/30/08,2069.435513
8/31/08,2044.715401
9/1/08,1811.638959
9/2/08,1613.877252
9/3/08,1476.150258
9/4/08,1387.863758
9/5/08,1303.108798
9/6/08,1267.794198
9/7/08,1221.88511
9/8/08,1183.039104
9/9/08,1151.25591
9/10/08,1200.696404
9/11/08,1140.661557
9/12/08,1123.004257
9/13/08,1239.54241
9/14/08,1200.696404
9/15/08,1147.724504
9/16/08,1112.409904
9/17/08,1087.689657
9/18/08,1070.032357
9/19/08,1055.90653
9/20/08,1048.84365
9/21/08,1059.438003
9/22/08,1243.073951
9/23/08,1239.54241
9/24/08,1161.850398
9/25/08,1112.409904
9/26/08,1098.284077
9/27/08,1059.438003
9/28/08,1020.59193
9/29/08,985.2773297
9/30/08,957.0256766
10/1/08,935.8369031
10/2/08,921.7110765
10/3/08,928.7739561
10/4/08,964.0885562
10/5/08,981.7458563
10/6/08,1002.93463
10/7/08,985.2773297
10/8/08,978.2144501
10/9/08,918.179603
10/10/08,879.3335294
10/11/08,840.4874558
10/12/08,805.1728557
10/13/08,815.7672761
10/14/08,826.3616292
10/15/08,787.5155556
10/16/08,773.389729
10/17/08,769.8582556
10/18/08,872.2706498
10/19/08,847.5504028
10/20/08,798.1099761
10/21/08,783.9841495
10/22/08,741.6066024
10/23/08,745.1380759
10/24/08,713.3549493
10/25/08,709.8234758
10/26/08,639.1942756
10/27/08,625.068449
10/28/08,635.6628021
10/29/08,646.2571552
10/30/08,639.1942756
10/31/08,625.068449
11/1/08,625.068449
11/2/08,628.5998551
11/3/08,621.5369755
11/4/08,614.4740285
11/5/08,607.4111489
11/6/08,600.348202
11/7/08,596.8167285
11/8/08,600.348202
11/9/08,596.8167285
11/10/08,582.6909019
11/11/08,575.6279549
11/12/08,575.6279549
11/13/08,565.0336018
11/14/08,547.3763018
11/15/08,529.7190017
11/16/08,565.0336018
11/17/08,568.5650753
11/18/08,565.0336018
11/19/08,529.7190017
11/20/08,406.1179013
11/21/08,455.558328
11/22/08,459.0898015
11/23/08,441.4325014
11/24/08,399.054988
11/25/08,402.5864278
11/26/08,395.5235146
11/27/08,381.397688
11/28/08,356.6774746
11/29/08,420.2437279
11/30/08,459.0898015
12/1/08,476.7471016
12/2/08,476.7471016
12/3/08,409.6493748
12/4/08,314.2999276
12/5/08,347.4956705
12/6/08,430.8381147
12/7/08,466.1527148
12/8/08,466.1527148
12/9/08,455.558328
12/10/08,466.1527148
12/11/08,466.1527148
12/12/08,452.0268882
12/13/08,420.2437279
12/14/08,328.0726337
12/15/08,319.9502919
12/16/08,335.4887011
12/17/08,409.6493748
12/18/08,399.054988
12/19/08,388.4606013
12/20/08,363.7403879
12/21/08,363.7403879
12/22/08,381.397688
12/23/08,395.5235146
12/24/08,420.2437279
12/25/08,416.7122881
12/26/08,406.1179013
12/27/08,399.054988
12/28/08,406.1179013
12/29/08,409.6493748
12/30/08,399.054988
12/31/08,406.1179013
1/1/09,413.1808146
1/2/09,402.5864278
1/3/09,367.2718277
1/4/09,377.8662145
1/5/09,388.4606013
1/6/09,391.9920747
1/7/09,391.9920747
1/8/09,391.9920747
1/9/09,381.397688
1/10/09,377.8662145
1/11/09,374.3347747
1/12/09,367.2718277
1/13/09,360.2089144
1/14/09,349.6145277
1/15/09,340.0796032
1/16/09,328.4257878
1/17/09,323.8348857
1/18/09,324.1880398
1/19/09,321.3628745
1/20/09,322.7754572
1/21/09,317.831401
1/22/09,311.4747622
1/23/09,307.2370143
1/24/09,300.174101
1/25/09,289.5797142
1/26/09,282.5168009
1/27/09,300.174101
1/28/09,324.8943143
1/29/09,339.7264491
1/30/09,349.9676818
1/31/09,344.3173511
2/1/09,340.0796032
2/2/09,336.1950093
2/3/09,335.8418552
2/4/09,333.0166899
2/5/09,324.8943143
2/6/09,313.5936531
2/7/09,305.4712775
2/8/09,298.0552102
2/9/09,293.1111877
2/10/09,285.6951203
2/11/09,278.9853443
2/12/09,273.6881509
2/13/09,272.2755682
2/14/09,273.3349968
2/15/09,282.5168009
2/16/09,296.6426275
2/17/09,313.240499
2/18/09,310.7684877
2/19/09,310.4153337
2/20/09,306.8838602
2/21/09,301.2335296
2/22/09,301.9398377
2/23/09,304.765003
2/24/09,297.7020897
2/25/09,289.5797142
2/26/09,286.0482744
2/27/09,290.2860224
2/28/09,303.7055745
3/1/09,321.3628745
3/2/09,321.3628745
3/3/09,314.2999276
3/4/09,306.5307398
3/5/09,297.3489357
3/6/09,287.107703
3/7/09,278.9853443
3/8/09,275.4538876
3/9/09,271.9224142
3/10/09,270.1566942
3/11/09,274.3944422
3/12/09,300.174101
3/13/09,326.6600511
3/14/09,321.3628745
3/15/09,314.2999276
3/16/09,305.8244316
3/17/09,296.2895071
3/18/09,289.2265601
3/19/09,290.9922969
3/20/09,290.2860224
3/21/09,290.2860224
3/22/09,288.1671316
3/23/09,284.6356917
3/24/09,277.2196075
3/25/09,273.6881509
3/26/09,261.6811815
3/27/09,268.3909575
3/28/09,270.8629856
3/29/09,269.0972488
3/30/09,270.1566942
3/31/09,264.8595009
4/1/09,265.5657922
4/2/09,260.9748901
4/3/09,266.2720835
4/4/09,266.9783748
4/5/09,265.9189463
4/6/09,273.3349968
4/7/09,283.5762295
4/8/09,293.1111877
4/9/09,303.7055745
4/10/09,315.3593898
4/11/09,314.6530816
4/12/09,316.0656643
4/13/09,313.240499
4/14/09,307.5901683
4/15/09,300.5272551
4/16/09,296.6426275
4/17/09,303.3524204
4/18/09,307.9433224
4/19/09,307.9433224
4/20/09,309.7090592
4/21/09,331.6041072
4/22/09,353.1460012
4/23/09,349.6145277
4/24/09,345.0236593
4/25/09,337.9607123
4/26/09,334.7823929
4/27/09,321.0097204
4/28/09,310.7684877
4/29/09,302.9992663
4/30/09,303.3524204
5/1/09,304.0586949
5/2/09,308.6495969
5/3/09,339.373295
5/4/09,367.2718277
5/5/09,388.4606013
5/6/09,402.5864278
5/7/09,406.1179013
5/8/09,413.1808146
5/9/09,430.8381147
5/10/09,452.0268882
5/11/09,504.9987884
5/12/09,550.9077753
5/13/09,554.4392151
5/14/09,522.6560884
5/15/09,512.0617017
5/16/09,504.9987884
5/17/09,550.9077753
5/18/09,826.3616292
5/19/09,925.24255
5/20/09,942.89985
5/21/09,851.0818762
5/22/09,798.1099761
5/23/09,847.5504028
5/24/09,1020.59193
5/25/09,1264.262657
5/26/09,1451.430011
5/27/09,1592.688411
5/28/09,1620.940199
5/29/09,1850.4851
5/30/09,2881.671316
5/31/09,3467.893624
6/1/09,3273.663323
6/2/09,2920.517322
6/3/09,2931.11181
6/4/09,3308.977923
6/5/09,3813.976812
6/6/09,3849.291413
6/7/09,3174.782604
6/8/09,2613.280409
6/9/09,2228.351213
6/10/09,2002.337853
6/11/09,1977.617606
6/12/09,2390.79832
6/13/09,2980.552304
6/14/09,3778.662212
6/15/09,4555.583415
6/16/09,5014.673216
6/17/09,5049.987816
6/18/09,4767.471016
6/19/09,4449.639615
6/20/09,4061.179013
6/21/09,4096.493613
6/22/09,4025.864413
6/23/09,3778.662212
6/24/09,3372.544311
6/25/09,3220.691423
6/26/09,3217.160017
6/27/09,2860.482609
6/28/09,2659.189496
6/29/09,2669.783715
6/30/09,2563.839914
7/1/09,2387.266914
7/2/09,2231.882754
7/3/09,2154.190607
7/4/09,2150.659201
7/5/09,2238.945701
7/6/09,2507.336608
7/7/09,3379.607123
7/8/09,3093.558916
7/9/09,2892.265803
7/10/09,2740.412915
7/11/09,2662.720903
7/12/09,2634.469115
7/13/09,2722.755615
7/14/09,3037.05561
7/15/09,3344.292523
7/16/09,3051.181504
7/17/09,2881.671316
7/18/09,2786.322003
7/19/09,2853.419797
7/20/09,2673.315121
7/21/09,2454.364708
7/22/09,2323.700795
7/23/09,2316.637714
7/24/09,2334.295014
7/25/09,2401.392808
7/26/09,2475.553414
7/27/09,2542.651208
7/28/09,2666.252309
7/29/09,2595.623108
7/30/09,2390.79832
7/31/09,2404.924214
8/1/09,2330.763608
8/2/09,2433.176002
8/3/09,2422.581514
8/4/09,2468.490602
8/5/09,2320.16912
8/6/09,2242.477107
8/7/09,2118.876007
8/8/09,1984.680553
8/9/09,1928.177112
8/10/09,1882.268159
8/11/09,2065.904107
8/12/09,2270.728895
8/13/09,2041.18386
8/14/09,2309.574901
8/15/09,2260.134407
8/16/09,2009.4008
8/17/09,1871.673806
8/18/09,1815.1705
8/19/09,1815.1705
8/20/09,1822.233312
8/21/09,1875.205212
8/22/09,2027.0581
8/23/09,1910.519812
8/24/09,1733.946812
8/25/09,1599.751358
8/26/09,1529.122158
8/27/09,1469.087311
8/28/09,1419.646952
8/29/09,1398.458111
8/30/09,1419.646952
8/31/09,1440.835658
9/1/09,1465.555905
9/2/09,1518.527805
9/3/09,1564.436758
9/4/09,1599.751358
9/5/09,1412.584005
9/6/09,1345.486211
9/7/09,1356.080698
9/8/09,1267.794198
9/9/09,1161.850398
9/10/09,1119.472851
9/11/09,1073.56383
9/12/09,1024.123403
9/13/09,995.8717502
9/14/09,1002.93463
9/15/09,1027.654877
9/16/09,1066.50095
9/17/09,1144.193098
9/18/09,1250.136898
9/19/09,1168.91321
9/20/09,1140.661557
9/21/09,1077.095304
9/22/09,1002.93463
9/23/09,1009.997577
9/24/09,1045.312177
9/25/09,1073.56383
9/26/09,1041.780703
9/27/09,992.3402767
9/28/09,935.8369031
9/29/09,886.3964764
9/30/09,840.4874558
10/1/09,801.6414496
10/2/09,769.8582556
10/3/09,773.389729
10/4/09,748.6695494
10/5/09,716.8863554
10/6/09,699.2290553
10/7/09,692.1661757
10/8/09,667.4459287
10/9/09,618.005502
10/10/09,550.9077753
10/11/09,519.124615
10/12/09,490.8729281
10/13/09,473.2156281
10/14/09,462.621275
10/15/09,455.558328
10/16/09,504.9987884
10/17/09,607.4111489
10/18/09,723.9493024
10/19/09,745.1380759
10/20/09,685.1032288
10/21/09,649.7886286
10/22/09,625.068449
10/23/09,607.4111489
10/24/09,600.348202
10/25/09,579.1594284
10/26/09,572.0965488
10/27/09,572.0965488
10/28/09,554.4392151
10/29/09,529.7190017
10/30/09,533.2504752
10/31/09,547.3763018
11/1/09,547.3763018
11/2/09,508.5302282
11/3/09,494.4044016
11/4/09,480.278575
11/5/09,504.9987884
11/6/09,529.7190017
11/7/09,515.5931752
11/8/09,501.4673149
11/9/09,483.8100148
11/10/09,444.9639749
11/11/09,420.2437279
11/12/09,381.397688
11/13/09,370.8033012
11/14/09,377.8662145
11/15/09,395.5235146
11/16/09,416.7122881
11/17/09,423.7752014
11/18/09,413.1808146
11/19/09,402.5864278
11/20/09,406.1179013
11/21/09,409.6493748
11/22/09,388.4606013
11/23/09,381.397688
11/24/09,377.8662145
11/25/09,360.2089144
11/26/09,339.0201746
11/27/09,317.831401
11/28/09,295.936353
11/29/09,322.069149
11/30/09,352.439693
12/1/09,299.4677928
12/2/09,240.1392875
12/3/09,238.3735508
12/4/09,243.6707442
12/5/09,254.6182682
12/6/09,234.1358028
12/7/09,222.4819875
12/8/09,235.1952314
12/9/09,245.7896181
12/10/09,268.3909575
12/11/09,261.3280442
12/12/09,254.2651141
12/13/09,247.2022008
12/14/09,264.8595009
12/15/09,286.7545489
12/16/09,307.9433224
12/17/09,324.8943143
12/18/09,335.4887011
12/19/09,345.3767797
12/20/09,333.0166899
12/21/09,320.6565664
12/22/09,306.5307398
12/23/09,293.1111877
12/24/09,278.6321902
12/25/09,297.3489357
12/26/09,306.8838602
12/27/09,313.9468071
12/28/09,317.1250929
12/29/09,312.5342245
12/30/09,312.1810704
12/31/09,307.9433224
1/1/10,323.1285776
1/2/10,339.0201746
1/3/10,347.8488246
1/4/10,331.9572276
1/5/10,319.2439837
1/6/10,293.1111877
1/7/10,282.5168009
1/8/10,293.1111877
1/9/10,304.765003
1/10/10,312.5342245
1/11/10,310.0621796
1/12/10,302.6461122
1/13/10,290.6391428
1/14/10,278.6321902
1/15/10,272.6287055
1/16/10,270.1566942
1/17/10,256.0308508
1/18/10,266.9783748
1/19/10,266.9783748
1/20/10,267.6846662
1/21/10,256.0308508
1/22/10,249.3210748
1/23/10,254.9714054
1/24/10,265.5657922
1/25/10,266.2720835
1/26/10,266.2720835
1/27/10,242.6112987
1/28/10,247.9084921
1/29/10,272.9818596
1/30/10,275.1007335
1/31/10,274.7475963
2/1/10,272.6287055
2/2/10,273.3349968
2/3/10,274.3944422
2/4/10,272.6287055
2/5/10,257.4434335
2/6/10,267.3315289
2/7/10,258.8560161
2/8/10,259.2091702
2/9/10,252.8525314
2/10/10,272.2755682
2/11/10,270.1566942
2/12/10,269.0972488
2/13/10,268.7441116
2/14/10,266.2720835
2/15/10,267.6846662
2/16/10,264.1532095
2/17/10,266.2720835
2/18/10,267.6846662
2/19/10,253.9119768
2/20/10,258.1497248
2/21/10,246.4959095
2/22/10,252.8525314
2/23/10,252.8525314
2/24/10,258.1497248
2/25/10,260.6217529
2/26/10,254.9714054
2/27/10,259.2091702
2/28/10,258.5028789
3/1/10,257.7965876
3/2/10,257.0902962
3/3/10,258.8560161
3/4/10,257.0902962
3/5/10,255.6776968
3/6/10,251.4399488
3/7/10,248.9679375
3/8/10,249.3210748
3/9/10,246.4959095
3/10/10,231.3106375
3/11/10,236.2546768
3/12/10,253.9119768
3/13/10,251.4399488
3/14/10,244.3770355
3/15/10,248.6147835
3/16/10,252.8525314
3/17/10,256.0308508
3/18/10,253.9119768
3/19/10,250.0273661
3/20/10,248.6147835
3/21/10,253.5588228
3/22/10,252.8525314
3/23/10,251.0868115
3/24/10,250.7336574
3/25/10,248.9679375
3/26/10,251.7931029
3/27/10,254.6182682
3/28/10,252.4993942
3/29/10,251.7931029
3/30/10,251.4399488
3/31/10,242.2581615
4/1/10,234.1358028
4/2/10,234.1358028
4/3/10,236.9609681
4/4/10,234.1358028
4/5/10,226.0134441
4/6/10,231.3106375
4/7/10,244.0238814
4/8/10,255.3245595
4/9/10,257.0902962
4/10/10,262.0343355
4/11/10,274.3944422
4/12/10,278.2790529
4/13/10,285.3419662
4/14/10,289.2265601
4/15/10,291.698605
4/16/10,293.4643418
4/17/10,303.3524204
4/18/10,322.4223031
4/19/10,356.6774746
4/20/10,399.054988
4/21/10,483.8100148
4/22/10,642.725749
4/23/10,720.4178289
4/24/10,670.9774022
4/25/10,603.8796754
4/26/10,543.8448283
4/27/10,522.6560884
4/28/10,508.5302282
4/29/10,501.4673149
4/30/10,476.7471016
5/1/10,466.1527148
5/2/10,469.6841883
5/3/10,469.6841883
5/4/10,466.1527148
5/5/10,448.4954147
5/6/10,434.3695882
5/7/10,423.7752014
5/8/10,416.7122881
5/9/10,416.7122881
5/10/10,413.1808146
5/11/10,420.2437279
5/12/10,416.7122881
5/13/10,437.901028
5/14/10,483.8100148
5/15/10,543.8448283
5/16/10,660.3830491
5/17/10,844.0189293
5/18/10,1236.011004
5/19/10,2214.225454
5/20/10,2899.328616
5/21/10,2415.518702
5/22/10,1970.554659
5/23/10,1680.974912
5/24/10,1447.898605
5/25/10,1324.297504
5/26/10,1257.19971
5/27/10,1236.011004
5/28/10,1214.822298
5/29/10,1175.976157
5/30/10,1133.59861
5/31/10,1084.15825
6/1/10,1062.969477
6/2/10,1123.004257
6/3/10,1310.17161
6/4/10,1469.087311
6/5/10,1419.646952
6/6/10,1458.492958
6/7/10,1582.094058
6/8/10,1793.981659
6/9/10,1959.960306
6/10/10,2178.910854
6/11/10,2094.15576
6/12/10,2044.715401
6/13/10,2514.39942
6/14/10,3637.403812
6/15/10,3990.549813
6/16/10,3637.403812
6/17/10,3153.593898
6/18/10,2758.070215
6/19/10,2620.343221
6/20/10,2864.014015
6/21/10,3361.949823
6/22/10,3990.549813
6/23/10,4414.325014
6/24/10,4626.212615
6/25/10,4696.841815
6/26/10,4520.268815
6/27/10,4273.066614
6/28/10,4449.639615
6/29/10,4732.156415
6/30/10,4873.414816
7/1/10,4202.437414
7/2/10,3531.460012
7/3/10,3093.558916
7/4/10,2775.727515
7/5/10,2705.098315
7/6/10,2493.210714
7/7/10,2344.889502
7/8/10,2500.273796
7/9/10,2835.762497
7/10/10,3217.160017
7/11/10,3436.110699
7/12/10,3672.718412
7/13/10,3672.718412
7/14/10,3203.034123
7/15/10,2856.951203
7/16/10,2846.356715
7/17/10,2793.384815
7/18/10,2645.063603
7/19/10,2641.532196
7/20/10,2662.720903
7/21/10,2496.74212
7/22/10,2419.050108
7/23/10,2362.546802
7/24/10,2341.358095
7/25/10,2366.078208
7/26/10,2394.329996
7/27/10,2376.672696
7/28/10,2415.518702
7/29/10,2472.022008
7/30/10,2433.176002
7/31/10,2355.48372
8/1/10,2267.19722
8/2/10,2479.08482
8/3/10,2369.609614
8/4/10,2171.847907
8/5/10,1998.806313
8/6/10,1956.4289
8/7/10,1995.274907
8/8/10,2005.86926
8/9/10,1991.7435
8/10/10,2065.904107
8/11/10,1942.303006
8/12/10,1861.079453
8/13/10,1850.4851
8/14/10,1797.5132
8/15/10,1723.352459
8/16/10,1684.506452
8/17/10,1680.974912
8/18/10,1659.786205
8/19/10,1698.632212
8/20/10,1645.660311
8/21/10,1536.185105
8/22/10,1458.492958
8/23/10,1394.926705
8/24/10,1278.388551
8/25/10,1218.353704
8/26/10,1236.011004
8/27/10,1380.800811
8/28/10,1324.297504
8/29/10,1232.479598
8/30/10,1186.57051
8/31/10,1123.004257
9/1/10,1077.095304
9/2/10,1031.18635
9/3/10,978.2144501
9/4/10,942.89985
9/5/10,967.6200297
9/6/10,949.9627296
9/7/10,921.7110765
9/8/10,925.24255
9/9/10,918.179603
9/10/10,889.9279498
9/11/10,875.8020559
9/12/10,889.9279498
9/13/10,928.7739561
9/14/10,953.4942031
9/15/10,925.24255
9/16/10,967.6200297
9/17/10,1133.59861
9/18/10,1105.346957
9/19/10,1091.22113
9/20/10,1267.794198
9/21/10,1507.933452
9/22/10,1490.276152
9/23/10,1391.395298
9/24/10,1310.17161
9/25/10,1243.073951
9/26/10,1267.794198
9/27/10,1518.527805
9/28/10,1762.1986
9/29/10,3210.097204
9/30/10,2743.944321
10/1/10,2302.51182
10/2/10,1995.274907
10/3/10,1779.8559
10/4/10,1624.471605
10/5/10,1514.996399
10/6/10,1401.989652
10/7/10,1313.703151
10/8/10,1250.136898
10/9/10,1197.164998
10/10/10,1158.318857
10/11/10,1193.633457
10/12/10,1137.130151
10/13/10,1091.22113
10/14/10,1048.84365
10/15/10,1027.654877
10/16/10,992.3402767
10/17/10,946.4312561
10/18/10,918.179603
10/19/10,904.0537764
10/20/10,886.3964764
10/21/10,868.7391763
10/22/10,851.0818762
10/23/10,840.4874558
10/24/10,833.4245762
10/25/10,826.3616292
10/26/10,815.7672761
10/27/10,805.1728557
10/28/10,780.452676
10/29/10,759.2639025
10/30/10,745.1380759
10/31/10,720.4178289
11/1/10,723.9493024
11/2/10,741.6066024
11/3/10,727.4807758
11/4/10,699.2290553
11/5/10,695.6976492
11/6/10,709.8234758
11/7/10,752.2009555
11/8/10,773.389729
11/9/10,720.4178289
11/10/10,670.9774022
11/11/10,561.5021284
11/12/10,582.6909019
11/13/10,575.6279549
11/14/10,589.7538489
11/15/10,596.8167285
11/16/10,586.2223754
11/17/10,469.6841883
11/18/10,384.9291278
11/19/10,352.439693
11/20/10,327.0132051
11/21/10,321.0097204
11/22/10,317.831401
11/23/10,325.2474684
11/24/10,329.4852164
11/25/10,340.7858776
11/26/10,381.397688
11/27/10,416.7122881
11/28/10,430.8381147
11/29/10,423.7752014
11/30/10,409.6493748
12/1/10,427.3066749
12/2/10,459.0898015
12/3/10,466.1527148
12/4/10,452.0268882
12/5/10,406.1179013
12/6/10,381.397688
12/7/10,406.1179013
12/8/10,437.901028
12/9/10,480.278575
12/10/10,473.2156281
12/11/10,423.7752014
12/12/10,388.4606013
12/13/10,353.1460012
12/14/10,324.8943143
12/15/10,307.2370143
12/16/10,289.5797142
12/17/10,286.0482744
12/18/10,289.5797142
12/19/10,304.411849
12/20/10,312.1810704
12/21/10,335.135547
12/22/10,363.7403879
12/23/10,370.8033012
12/24/10,370.8033012
12/25/10,367.2718277
12/26/10,356.6774746
12/27/10,335.4887011
12/28/10,303.7055745
12/29/10,289.5797142
12/30/10,291.3454509
12/31/10,292.0517591
1/1/11,305.1181571
1/2/11,317.1250929
1/3/11,317.478247
1/4/11,327.3663592
1/5/11,350.3208358
1/6/11,367.2718277
1/7/11,377.8662145
1/8/11,377.8662145
1/9/11,363.7403879
1/10/11,320.3034123
1/11/11,316.4188184
1/12/11,323.4817317
1/13/11,325.6006225
1/14/11,324.8943143
1/15/11,328.0726337
1/16/11,331.2509531
1/17/11,329.8383705
1/18/11,323.1285776
1/19/11,319.2439837
1/20/11,319.9502919
1/21/11,317.831401
1/22/11,311.8279163
1/23/11,300.8804091
1/24/11,285.3419662
1/25/11,285.3419662
1/26/11,277.5727616
1/27/11,272.6287055
1/28/11,263.8000555
1/29/11,257.0902962
1/30/11,251.7931029
1/31/11,254.2651141
2/1/11,266.9783748
2/2/11,278.2790529
2/3/11,289.5797142
2/4/11,293.1111877
2/5/11,281.8105096
2/6/11,268.3909575
2/7/11,270.1566942
2/8/11,268.3909575
2/9/11,265.9189463
2/10/11,272.2755682
2/11/11,277.9258989
2/12/11,278.6321902
2/13/11,276.5133162
2/14/11,273.6881509
2/15/11,271.2161228
2/16/11,269.0972488
2/17/11,266.9783748
2/18/11,265.9189463
2/19/11,269.4504029
2/20/11,272.9818596
2/21/11,274.7475963
2/22/11,273.6881509
2/23/11,264.8595009
2/24/11,255.3245595
2/25/11,252.4993942
2/26/11,264.8595009
2/27/11,282.1636468
2/28/11,281.8105096
3/1/11,268.7441116
3/2/11,271.9224142
3/3/11,276.8664703
3/4/11,279.3384815
3/5/11,279.3384815
3/6/11,280.7510642
3/7/11,282.869955
3/8/11,287.107703
3/9/11,292.4048795
3/10/11,296.9957816
3/11/11,300.5272551
3/12/11,301.9398377
3/13/11,301.9398377
3/14/11,300.5272551
3/15/11,298.4083642
3/16/11,296.9957816
3/17/11,296.2895071
3/18/11,296.6426275
3/19/11,297.3489357
3/20/11,300.8804091
3/21/11,299.1146724
3/22/11,300.174101
3/23/11,302.9992663
3/24/11,300.5272551
3/25/11,303.3524204
3/26/11,305.8244316
3/27/11,307.2370143
3/28/11,309.7090592
3/29/11,306.8838602
3/30/11,305.4712775
3/31/11,307.5901683
4/1/11,308.2964428
4/2/11,309.002751
4/3/11,304.411849
4/4/11,303.3524204
4/5/11,304.0586949
4/6/11,302.2929918
4/7/11,301.9398377
4/8/11,300.174101
4/9/11,296.2895071
4/10/11,299.1146724
4/11/11,301.5866836
4/12/11,307.5901683
4/13/11,315.0062357
4/14/11,310.7684877
4/15/11,299.4677928
4/16/11,295.5831989
4/17/11,291.698605
4/18/11,283.5762295
4/19/11,284.9888122
4/20/11,284.2825377
4/21/11,290.6391428
4/22/11,288.8734397
4/23/11,290.9922969
4/24/11,296.9957816
4/25/11,308.2964428
4/26/11,312.8873449
4/27/11,315.3593898
4/28/11,313.240499
4/29/11,315.7125102
4/30/11,312.5342245
5/1/11,310.4153337
5/2/11,322.4223031
5/3/11,342.1984603
5/4/11,351.0271103
5/5/11,360.2089144
5/6/11,367.2718277
5/7/11,367.2718277
5/8/11,384.9291278
5/9/11,388.4606013
5/10/11,388.4606013
5/11/11,427.3066749
5/12/11,519.124615
5/13/11,628.5998551
5/14/11,713.3549493
5/15/11,911.116656
5/16/11,1055.90653
5/17/11,1172.444751
5/18/11,1130.067204
5/19/11,1144.193098
5/20/11,1161.850398
5/21/11,1186.57051
5/22/11,1416.115411
5/23/11,1854.016506
5/24/11,2210.693913
5/25/11,2645.063603
5/26/11,3093.558916
5/27/11,3316.041005
5/28/11,2955.831922
5/29/11,2599.154515
5/30/11,2394.329996
5/31/11,2369.609614
6/1/11,2517.931096
6/2/11,2602.685921
6/3/11,2934.643216
6/4/11,3337.229711
6/5/11,3520.865524
6/6/11,4237.752014
6/7/11,4838.100216
6/8/11,4873.414816
6/9/11,4379.010414
6/10/11,4484.954215
6/11/11,4873.414816
6/12/11,5049.987816
6/13/11,5367.819217
6/14/11,5226.560817
6/15/11,5049.987816
6/16/11,4661.527215
6/17/11,4802.785616
6/18/11,5120.617017
6/19/11,5226.560817
6/20/11,5720.965219
6/21/11,6215.36962
6/22/11,6109.42582
6/23/11,6321.313421
6/24/11,6250.68422
6/25/11,5226.560817
6/26/11,4414.325014
6/27/11,3955.235213
6/28/11,4273.066614
6/29/11,5332.504617
6/30/11,6285.99882
7/1/11,5332.504617
7/2/11,4379.010414
7/3/11,4131.808213
7/4/11,4273.066614
7/5/11,4237.752014
7/6/11,4343.695814
7/7/11,4661.527215
7/8/11,5367.819217
7/9/11,4979.358616
7/10/11,4167.122814
7/11/11,3672.718412
7/12/11,3637.403812
7/13/11,3990.549813
7/14/11,4590.898015
7/15/11,4202.437414
7/16/11,3708.033012
7/17/11,3478.488111
7/18/11,3672.718412
7/19/11,4555.583415
7/20/11,5261.875417
7/21/11,4555.583415
7/22/11,4096.493613
7/23/11,3743.347612
7/24/11,3464.362217
7/25/11,3234.817317
7/26/11,3708.033012
7/27/11,4273.066614
7/28/11,3919.920613
7/29/11,3637.403812
7/30/11,3602.089212
7/31/11,3390.201611
8/1/11,3446.704917
8/2/11,3248.943211
8/3/11,2952.300516
8/4/11,2743.944321
8/5/11,2623.874896
8/6/11,2567.371321
8/7/11,2535.588396
8/8/11,2426.11292
8/9/11,2316.637714
8/10/11,2249.540054
8/11/11,2447.301896
8/12/11,2475.553414
8/13/11,2323.700795
8/14/11,2263.665813
8/15/11,2291.917601
8/16/11,2267.19722
8/17/11,2009.4008
8/18/11,1878.736753
8/19/11,1758.667059
8/20/11,1635.065958
8/21/11,1582.094058
8/22/11,1617.408658
8/23/11,1751.604112
8/24/11,1822.233312
8/25/11,1811.638959
8/26/11,1779.8559
8/27/11,1719.821053
8/28/11,1666.849152
8/29/11,1613.877252
8/30/11,1603.282899
8/31/11,1620.940199
9/1/11,1536.185105
9/2/11,1419.646952
9/3/11,1320.766098
9/4/11,1232.479598
9/5/11,1190.102051
9/6/11,1154.787451
9/7/11,1137.130151
9/8/11,1130.067204
9/9/11,1130.067204
9/10/11,1133.59861
9/11/11,1133.59861
9/12/11,1158.318857
9/13/11,1168.91321
9/14/11,1154.787451
9/15/11,1151.25591
9/16/11,1200.696404
9/17/11,1179.507698
9/18/11,1115.941377
9/19/11,1154.787451
9/20/11,1179.507698
9/21/11,1080.626777
9/22/11,1027.654877
9/23/11,1031.18635
9/24/11,1144.193098
9/25/11,1207.759351
9/26/11,1260.731251
9/27/11,1296.045851
9/28/11,1338.423398
9/29/11,1207.759351
9/30/11,1123.004257
10/1/11,1073.56383
10/2/11,1409.052598
10/3/11,1596.219952
10/4/11,1469.087311
10/5/11,1391.395298
10/6/11,1341.954804
10/7/11,1310.17161
10/8/11,1278.388551
10/9/11,1200.696404
10/10/11,1144.193098
10/11/11,1105.346957
10/12/11,1091.22113
10/13/11,1073.56383
10/14/11,1027.654877
10/15/11,988.8088032
10/16/11,939.3683765
10/17/11,904.0537764
10/18/11,886.3964764
10/19/11,861.6762293
10/20/11,847.5504028
10/21/11,844.0189293
10/22/11,826.3616292
10/23/11,833.4245762
10/24/11,812.2358026
10/25/11,776.9212025
10/26/11,731.0122493
10/27/11,741.6066024
10/28/11,695.6976492
10/29/11,723.9493024
10/30/11,706.2920023
10/31/11,709.8234758
11/1/11,674.5088757
11/2/11,646.2571552
11/3/11,635.6628021
11/4/11,663.9144552
11/5/11,501.4673149
11/6/11,441.4325014
11/7/11,437.901028
11/8/11,459.0898015
11/9/11,497.9358751
11/10/11,565.0336018
11/11/11,607.4111489
11/12/11,600.348202
11/13/11,575.6279549
11/14/11,547.3763018
11/15/11,487.3414883
11/16/11,434.3695882
11/17/11,399.054988
11/18/11,356.6774746
11/19/11,321.7159949
11/20/11,307.2370143
11/21/11,339.0201746
11/22/11,420.2437279
11/23/11,480.278575
11/24/11,519.124615
11/25/11,512.0617017
11/26/11,501.4673149
11/27/11,508.5302282
11/28/11,533.2504752
11/29/11,512.0617017
11/30/11,508.5302282
12/1/11,452.0268882
12/2/11,448.4954147
12/3/11,427.3066749
12/4/11,437.901028
12/5/11,388.4606013
12/6/11,377.8662145
12/7/11,370.8033012
12/8/11,343.611043
12/9/11,360.2089144
12/10/11,402.5864278
12/11/11,430.8381147
12/12/11,423.7752014
12/13/11,406.1179013
12/14/11,413.1808146
12/15/11,409.6493748
12/16/11,406.1179013
12/17/11,409.6493748
12/18/11,420.2437279
12/19/11,409.6493748
12/20/11,406.1179013
12/21/11,402.5864278
12/22/11,356.6774746
12/23/11,346.0830879
12/24/11,384.9291278
12/25/11,406.1179013
12/26/11,399.054988
12/27/11,391.9920747
12/28/11,388.4606013
12/29/11,391.9920747
12/30/11,388.4606013
12/31/11,391.9920747
1/1/12,367.2718277
1/2/12,363.7403879
1/3/12,395.5235146
1/4/12,406.1179013
1/5/12,402.5864278
1/6/12,391.9920747
1/7/12,370.8033012
1/8/12,381.397688
1/9/12,388.4606013
1/10/12,377.8662145
1/11/12,325.9537429
1/12/12,317.831401
1/13/12,342.9047685
1/14/12,353.1460012
1/15/12,352.439693
1/16/12,336.5481297
1/17/12,329.1320623
1/18/12,330.544645
1/19/12,335.8418552
1/20/12,338.3138664
1/21/12,337.9607123
1/22/12,349.6145277
1/23/12,356.6774746
1/24/12,356.6774746
1/25/12,356.6774746
1/26/12,360.2089144
1/27/12,356.6774746
1/28/12,356.6774746
1/29/12,363.7403879
1/30/12,363.7403879
1/31/12,353.1460012
2/1/12,339.7264491
2/2/12,322.069149
2/3/12,315.3593898
2/4/12,311.4747622
2/5/12,299.4677928
2/6/12,284.2825377
2/7/12,272.9818596
2/8/12,262.3874728
2/9/12,260.2685988
2/10/12,263.0937641
2/11/12,266.6252376
2/12/12,269.0972488
2/13/12,270.5098315
2/14/12,268.0378203
2/15/12,265.5657922
2/16/12,271.9224142
2/17/12,282.1636468
2/18/12,284.9888122
2/19/12,285.6951203
2/20/12,288.5202856
2/21/12,285.6951203
2/22/12,281.8105096
2/23/12,272.2755682
2/24/12,263.0937641
2/25/12,261.6811815
2/26/12,263.0937641
2/27/12,262.3874728
2/28/12,260.2685988
2/29/12,259.9154616
3/1/12,266.9783748
3/2/12,282.869955
3/3/12,289.9328683
3/4/12,289.5797142
3/5/12,289.5797142
3/6/12,279.3384815
3/7/12,276.8664703
3/8/12,281.1042183
3/9/12,283.5762295
3/10/12,282.5168009
3/11/12,281.1042183
3/12/12,280.0447729
3/13/12,278.2790529
3/14/12,278.2790529
3/15/12,281.1042183
3/16/12,286.0482744
3/17/12,290.2860224
3/18/12,293.4643418
3/19/12,294.8769244
3/20/12,295.5831989
3/21/12,295.2300448
3/22/12,295.2300448
3/23/12,295.936353
3/24/12,302.9992663
3/25/12,304.765003
3/26/12,305.8244316
3/27/12,304.411849
3/28/12,305.8244316
3/29/12,306.1775857
3/30/12,305.4712775
3/31/12,301.2335296
4/1/12,303.7055745
4/2/12,304.765003
4/3/12,300.5272551
4/4/12,302.9992663
4/5/12,300.5272551
4/6/12,295.5831989
4/7/12,292.0517591
4/8/12,287.107703
4/9/12,292.7580336
4/10/12,301.2335296
4/11/12,316.4188184
4/12/12,349.6145277
4/13/12,374.3347747
4/14/12,370.8033012
4/15/12,360.2089144
4/16/12,351.3802644
4/17/12,353.1460012
4/18/12,363.7403879
4/19/12,363.7403879
4/20/12,367.2718277
4/21/12,377.8662145
4/22/12,391.9920747
4/23/12,423.7752014
4/24/12,533.2504752
4/25/12,663.9144552
4/26/12,755.732429
4/27/12,812.2358026
4/28/12,840.4874558
4/29/12,851.0818762
4/30/12,847.5504028
5/1/12,854.6133497
5/2/12,840.4874558
5/3/12,826.3616292
5/4/12,801.6414496
5/5/12,798.1099761
5/6/12,773.389729
5/7/12,773.389729
5/8/12,829.8931027
5/9/12,1034.717756
5/10/12,1123.004257
5/11/12,1041.780703
5/12/12,981.7458563
5/13/12,1013.52905
5/14/12,1214.822298
5/15/12,1550.310999
5/16/12,2083.561407
5/17/12,2337.82642
5/18/12,2171.847907
5/19/12,1903.457
5/20/12,1716.289512
5/21/12,1628.003011
5/22/12,1846.953559
5/23/12,2298.980414
5/24/12,2242.477107
5/25/12,2037.652454
5/26/12,1871.673806
5/27/12,1832.8278
5/28/12,1956.4289
5/29/12,2242.477107
5/30/12,2411.987296
5/31/12,2306.043495
6/1/12,2309.574901
6/2/12,2599.154515
6/3/12,3033.524204
6/4/12,2952.300516
6/5/12,3849.291413
6/6/12,8440.189428
6/7/12,11724.44724
6/8/12,9711.515032
6/9/12,7239.493024
6/10/12,6074.11122
6/11/12,5261.875417
6/12/12,5438.448418
6/13/12,5650.336018
6/14/12,5968.167419
6/15/12,5685.650619
6/16/12,5191.246217
6/17/12,5367.819217
6/18/12,6215.36962
6/19/12,6109.42582
6/20/12,5932.852819
6/21/12,5826.909019
6/22/12,6074.11122
6/23/12,6886.347022
6/24/12,8334.245627
6/25/12,9111.16683
6/26/12,8546.133228
6/27/12,7698.582825
6/28/12,6674.459422
6/29/12,6285.99882
6/30/12,6427.257221
7/1/12,6674.459422
7/2/12,6886.347022
7/3/12,6603.830222
7/4/12,6321.313421
7/5/12,5579.706818
7/6/12,5155.931617
7/7/12,5049.987816
7/8/12,5367.819217
7/9/12,5897.538219
7/10/12,6427.257221
7/11/12,6780.403222
7/12/12,6709.774022
7/13/12,6674.459422
7/14/12,6568.515621
7/15/12,7204.178423
7/16/12,7062.920023
7/17/12,6391.942621
7/18/12,6180.05502
7/19/12,6003.48202
7/20/12,5685.650619
7/21/12,5932.852819
7/22/12,5791.594419
7/23/12,5085.302417
7/24/12,4767.471016
7/25/12,4237.752014
7/26/12,4096.493613
7/27/12,3955.235213
7/28/12,3813.976812
7/29/12,3672.718412
7/30/12,3524.397199
7/31/12,3485.550924
8/1/12,3478.488111
8/2/12,3340.761117
8/3/12,3280.726405
8/4/12,2998.209604
8/5/12,2938.174622
8/6/12,3058.244316
8/7/12,3188.908498
8/8/12,3224.223098
8/9/12,3072.37021
8/10/12,2864.014015
8/11/12,2683.909609
8/12/12,2514.39942
8/13/12,2376.672696
8/14/12,2302.51182
8/15/12,2373.14102
8/16/12,2200.09956
8/17/12,2062.372701
8/18/12,1977.617606
8/19/12,1945.834412
8/20/12,1981.149013
8/21/12,2002.337853
8/22/12,1974.0862
8/23/12,1917.582759
8/24/12,1878.736753
8/25/12,1723.352459
8/26/12,1585.625599
8/27/12,1504.401911
8/28/12,1469.087311
8/29/12,1543.248052
8/30/12,1504.401911
8/31/12,1401.989652
9/1/12,1345.486211
9/2/12,1327.82891
9/3/12,1246.605357
9/4/12,1183.039104
9/5/12,1140.661557
9/6/12,1130.067204
9/7/12,1084.15825
9/8/12,1055.90653
9/9/12,1066.50095
9/10/12,1123.004257
9/11/12,1144.193098
9/12/12,1070.032357
9/13/12,1020.59193
9/14/12,985.2773297
9/15/12,964.0885562
9/16/12,953.4942031
9/17/12,939.3683765
9/18/12,921.7110765
9/19/12,911.116656
9/20/12,907.5852499
9/21/12,918.179603
9/22/12,932.3054296
9/23/12,942.89985
9/24/12,953.4942031
9/25/12,974.6829766
9/26/12,1031.18635
9/27/12,988.8088032
9/28/12,953.4942031
9/29/12,946.4312561
9/30/12,957.0256766
10/1/12,921.7110765
10/2/12,1009.997577
10/3/12,1027.654877
10/4/12,942.89985
10/5/12,886.3964764
10/6/12,851.0818762
10/7/12,826.3616292
10/8/12,815.7672761
10/9/12,801.6414496
10/10/12,773.389729
10/11/12,759.2639025
10/12/12,741.6066024
10/13/12,734.5436555
10/14/12,745.1380759
10/15/12,794.5785026
10/16/12,833.4245762
10/17/12,829.8931027
10/18/12,783.9841495
10/19/12,783.9841495
10/20/12,822.8301557
10/21/12,780.452676
10/22/12,752.2009555
10/23/12,723.9493024
10/24/12,692.1661757
10/25/12,674.5088757
10/26/12,660.3830491
10/27/12,656.8515756
10/28/12,653.3201021
10/29/12,649.7886286
10/30/12,646.2571552
10/31/12,663.9144552
11/1/12,660.3830491
11/2/12,660.3830491
11/3/12,639.1942756
11/4/12,579.1594284
11/5/12,625.068449
11/6/12,621.5369755
11/7/12,589.7538489
11/8/12,529.7190017
11/9/12,455.558328
11/10/12,395.5235146
11/11/12,370.8033012
11/12/12,399.054988
11/13/12,466.1527148
11/14/12,469.6841883
11/15/12,469.6841883
11/16/12,487.3414883
11/17/12,497.9358751
11/18/12,490.8729281
11/19/12,487.3414883
11/20/12,504.9987884
11/21/12,508.5302282
11/22/12,384.9291278
11/23/12,402.5864278
11/24/12,427.3066749
11/25/12,416.7122881
11/26/12,409.6493748
11/27/12,409.6493748
11/28/12,441.4325014
11/29/12,469.6841883
11/30/12,469.6841883
12/1/12,473.2156281
12/2/12,462.621275
12/3/12,420.2437279
12/4/12,452.0268882
12/5/12,483.8100148
12/6/12,455.558328
12/7/12,420.2437279
12/8/12,340.4327572
12/9/12,312.1810704
12/10/12,367.2718277
12/11/12,409.6493748
12/12/12,395.5235146
12/13/12,353.1460012
12/14/12,344.3173511
12/15/12,324.5411602
12/16/12,321.7159949
12/17/12,317.478247
12/18/12,300.8804091
12/19/12,264.8595009
12/20/12,263.4469182
12/21/12,265.2126549
12/22/12,260.2685988
12/23/12,245.7896181
12/24/12,222.8351247
12/25/12,216.1253487
12/26/12,222.4819875
12/27/12,230.2511921
12/28/12,233.7826487
12/29/12,231.6637747
12/30/12,225.3071528
12/31/12,216.83164
1/1/13,198.1149114
1/2/13,187.5205246
1/3/13,194.2303006
1/4/13,197.7617573
1/5/13,198.8212027
1/6/13,239.0798421
1/7/13,301.5866836
1/8/13,294.1706163
1/9/13,377.8662145
1/10/13,290.6391428
1/11/13,224.9539987
1/12/13,208.356144
1/13/13,207.6498527
1/14/13,213.3001833
1/15/13,219.3036681
1/16/13,237.6672594
1/17/13,292.0517591
1/18/13,356.6774746
1/19/13,297.3489357
1/20/13,243.3175901
1/21/13,284.9888122
1/22/13,301.2335296
1/23/13,323.4817317
1/24/13,350.6739899
1/25/13,363.7403879
1/26/13,360.2089144
1/27/13,329.4852164
1/28/13,280.3979269
1/29/13,247.5553549
1/30/13,260.2685988
1/31/13,281.1042183
2/1/13,276.160179
2/2/13,278.2790529
2/3/13,325.2474684
2/4/13,367.2718277
2/5/13,363.7403879
2/6/13,345.0236593
2/7/13,324.8943143
2/8/13,309.002751
2/9/13,280.3979269
2/10/13,276.5133162
2/11/13,266.2720835
2/12/13,317.478247
2/13/13,318.5377092
2/14/13,281.4573555
2/15/13,257.0902962
2/16/13,310.7684877
2/17/13,310.7684877
2/18/13,294.1706163
2/19/13,258.1497248
2/20/13,254.6182682
2/21/13,221.0694048
2/22/13,259.5623075
2/23/13,297.7020897
2/24/13,284.6356917
2/25/13,299.1146724
2/26/13,291.698605
2/27/13,281.8105096
2/28/13,293.1111877
3/1/13,293.8174622
3/2/13,307.9433224
3/3/13,306.8838602
3/4/13,280.7510642
3/5/13,276.8664703
3/6/13,277.5727616
3/7/13,311.8279163
3/8/13,307.9433224
3/9/13,295.2300448
3/10/13,289.2265601
3/11/13,297.7020897
3/12/13,284.2825377
3/13/13,299.8209469
3/14/13,302.6461122
3/15/13,311.8279163
3/16/13,321.7159949
3/17/13,300.5272551
3/18/13,270.1566942
3/19/13,265.5657922
3/20/13,315.3593898
3/21/13,313.240499
3/22/13,284.6356917
3/23/13,232.3700661
3/24/13,227.779164
3/25/13,244.3770355
3/26/13,277.5727616
3/27/13,300.5272551
3/28/13,305.1181571
3/29/13,308.6495969
3/30/13,315.7125102
3/31/13,330.1915245
4/1/13,352.439693
4/2/13,363.7403879
4/3/13,384.9291278
4/4/13,395.5235146
4/5/13,409.6493748
4/6/13,434.3695882
4/7/13,434.3695882
4/8/13,406.1179013
4/9/13,381.397688
4/10/13,377.8662145
4/11/13,374.3347747
4/12/13,363.7403879
4/13/13,356.6774746
4/14/13,356.6774746
4/15/13,344.3173511
4/16/13,333.0166899
4/17/13,322.7754572
4/18/13,326.6600511
4/19/13,339.0201746
4/20/13,348.201945
4/21/13,349.2614073
4/22/13,329.4852164
4/23/13,327.7194796
4/24/13,333.7229644
4/25/13,327.7194796
4/26/13,341.1390317
4/27/13,377.8662145
4/28/13,409.6493748
4/29/13,420.2437279
4/30/13,402.5864278
5/1/13,381.397688
5/2/13,377.8662145
5/3/13,381.397688
5/4/13,420.2437279
5/5/13,494.4044016
5/6/13,635.6628021
5/7/13,896.9908295
5/8/13,1172.444751
5/9/13,1500.870505
5/10/13,1839.890612
5/11/13,2150.659201
5/12/13,2620.343221
5/13/13,3404.327505
5/14/13,3566.774612
5/15/13,3150.062222
5/16/13,2793.384815
5/17/13,2539.119802
5/18/13,2337.82642
5/19/13,2277.791707
5/20/13,2351.952314
5/21/13,2500.273796
5/22/13,2871.077097
5/23/13,2906.391697
5/24/13,2934.643216
5/25/13,2853.419797
5/26/13,2602.685921
5/27/13,2429.644596
5/28/13,2394.329996
5/29/13,2521.462502
5/30/13,2768.664703
5/31/13,2987.615116
6/1/13,3160.65671
6/2/13,3075.901616
6/3/13,3033.524204
6/4/13,3104.153404
6/5/13,3369.012905
6/6/13,3849.291413
6/7/13,4343.695814
6/8/13,4802.785616
6/9/13,4661.527215
6/10/13,4343.695814
6/11/13,4061.179013
6/12/13,4308.381214
6/13/13,4555.583415
6/14/13,4343.695814
6/15/13,4025.864413
6/16/13,4096.493613
6/17/13,4379.010414
6/18/13,4696.841815
6/19/13,4944.044016
6/20/13,9217.11063
6/21/13,16456.60365
6/22/13,14302.41305
6/23/13,10099.97563
6/24/13,8087.043426
6/25/13,6956.976223
6/26/13,6639.144822
6/27/13,6321.313421
6/28/13,5826.909019
6/29/13,5897.538219
6/30/13,6427.257221
7/1/13,6321.313421
7/2/13,6497.886421
7/3/13,7062.920023
7/4/13,7204.178423
7/5/13,6215.36962
7/6/13,5403.133818
7/7/13,4661.527215
7/8/13,4273.066614
7/9/13,4061.179013
7/10/13,3743.347612
7/11/13,3813.976812
7/12/13,3708.033012
7/13/13,3397.264423
7/14/13,3029.992798
7/15/13,2846.356715
7/16/13,2793.384815
7/17/13,2662.720903
7/18/13,2659.189496
7/19/13,2712.161397
7/20/13,2775.727515
7/21/13,2888.734397
7/22/13,3022.929716
7/23/13,3019.39831
7/24/13,2948.76911
7/25/13,2864.014015
7/26/13,2832.230821
7/27/13,2722.755615
7/28/13,2567.371321
7/29/13,2408.45562
7/30/13,2260.134407
7/31/13,2108.281654
8/1/13,2048.246807
8/2/13,2055.309754
8/3/13,2041.18386
8/4/13,2069.435513
8/5/13,2168.316501
8/6/13,2207.162507
8/7/13,2302.51182
8/8/13,2281.323114
8/9/13,2217.75686
8/10/13,2189.505207
8/11/13,2207.162507
8/12/13,2228.351213
8/13/13,2267.19722
8/14/13,2214.225454
8/15/13,2182.44226
8/16/13,2140.064713
8/17/13,2147.12766
8/18/13,2104.750113
8/19/13,2051.778213
8/20/13,1945.834412
8/21/13,1815.1705
8/22/13,1730.415406
8/23/13,1649.191852
8/24/13,1553.842405
8/25/13,1575.031111
8/26/13,1596.219952
8/27/13,1603.282899
8/28/13,1578.562652
8/29/13,1596.219952
8/30/13,1808.107553
8/31/13,1857.547912
9/1/13,1723.352459
9/2/13,1638.597499
9/3/13,1603.282899
9/4/13,1585.625599
9/5/13,1631.534552
9/6/13,1730.415406
9/7/13,2037.652454
9/8/13,1892.862512
9/9/13,1836.359206
9/10/13,1702.163752
9/11/13,1606.814305
9/12/13,1560.905352
9/13/13,1571.499705
9/14/13,1575.031111
9/15/13,1613.877252
9/16/13,1589.157005
9/17/13,1652.723258
9/18/13,1589.157005
9/19/13,1469.087311
9/20/13,1324.297504
9/21/13,1228.948057
9/22/13,1175.976157
9/23/13,1137.130151
9/24/13,1108.87843
9/25/13,1062.969477
9/26/13,1013.52905
9/27/13,964.0885562
9/28/13,932.3054296
9/29/13,985.2773297
9/30/13,1002.93463
10/1/13,957.0256766
10/2/13,911.116656
10/3/13,865.2077028
10/4/13,833.4245762
10/5/13,801.6414496
10/6/13,787.5155556
10/7/13,791.0470291
10/8/13,794.5785026
10/9/13,780.452676
10/10/13,755.732429
10/11/13,741.6066024
10/12/13,720.4178289
10/13/13,702.7605288
10/14/13,678.0403492
10/15/13,656.8515756
10/16/13,674.5088757
10/17/13,663.9144552
10/18/13,639.1942756
10/19/13,628.5998551
10/20/13,618.005502
10/21/13,607.4111489
10/22/13,600.348202
10/23/13,596.8167285
10/24/13,586.2223754
10/25/13,579.1594284
10/26/13,568.5650753
10/27/13,589.7538489
10/28/13,575.6279549
10/29/13,504.9987884
10/30/13,519.124615
10/31/13,550.9077753
11/1/13,550.9077753
11/2/13,550.9077753
11/3/13,561.5021284
11/4/13,529.7190017
11/5/13,399.054988
11/6/13,395.5235146
11/7/13,423.7752014
11/8/13,455.558328
11/9/13,455.558328
11/10/13,416.7122881
11/11/13,356.6774746
11/12/13,312.1810704
11/13/13,374.3347747
11/14/13,444.9639749
11/15/13,448.4954147
11/16/13,423.7752014
11/17/13,384.9291278
11/18/13,337.6075919
11/19/13,286.0482744
11/20/13,240.8455788
11/21/13,215.7722114
11/22/13,229.5449007
11/23/13,266.6252376
11/24/13,309.002751
11/25/13,336.1950093
11/26/13,331.9572276
11/27/13,308.2964428
11/28/13,292.0517591
11/29/13,306.5307398
11/30/13,338.3138664
12/1/13,352.7928471
12/2/13,329.4852164
12/3/13,282.1636468
12/4/13,234.1358028
12/5/13,206.9435614
12/6/13,206.5904073
12/7/13,220.0099594
12/8/13,244.7301727
12/9/13,276.5133162
12/10/13,311.8279163
12/11/13,348.201945
12/12/13,384.9291278
12/13/13,402.5864278
12/14/13,409.6493748
12/15/13,409.6493748
12/16/13,402.5864278
12/17/13,388.4606013
12/18/13,353.1460012
12/19/13,309.7090592
12/20/13,292.0517591
12/21/13,305.4712775
12/22/13,317.831401
12/23/13,327.3663592
12/24/13,356.6774746
12/25/13,351.7334185
12/26/13,370.8033012
12/27/13,360.2089144
12/28/13,339.7264491
12/29/13,329.1320623
12/30/13,333.0166899
12/31/13,321.3628745
1/1/14,317.831401
1/2/14,309.3559051
1/3/14,300.8804091
1/4/14,273.6881509
1/5/14,224.2477074
1/6/14,225.66029
1/7/14,303.7055745
1/8/14,334.4292725
1/9/14,342.9047685
1/10/14,336.9012838
1/11/14,331.9572276
1/12/14,327.3663592
1/13/14,327.7194796
1/14/14,322.069149
1/15/14,318.8908296
1/16/14,317.1250929
1/17/14,300.8804091
1/18/14,285.3419662
1/19/14,282.1636468
1/20/14,260.9748901
1/21/14,269.8035402
1/22/14,280.0447729
1/23/14,281.1042183
1/24/14,276.5133162
1/25/14,266.2720835
1/26/14,247.5553549
1/27/14,226.3665813
1/28/14,215.0659201
1/29/14,220.0099594
1/30/14,231.3106375
1/31/14,244.3770355
2/1/14,262.0343355
2/2/14,283.5762295
2/3/14,277.5727616
2/4/14,257.7965876
2/5/14,251.0868115
2/6/14,259.2091702
2/7/14,273.3349968
2/8/14,292.0517591
2/9/14,302.6461122
2/10/14,310.7684877
2/11/14,311.8279163
2/12/14,326.306897
2/13/14,370.8033012
2/14/14,370.8033012
2/15/14,367.2718277
2/16/14,360.2089144
2/17/14,349.6145277
2/18/14,339.0201746
2/19/14,328.7789419
2/20/14,322.7754572
2/21/14,312.8873449
2/22/14,288.5202856
2/23/14,260.2685988
2/24/14,242.6112987
2/25/14,268.0378203
2/26/14,308.6495969
2/27/14,336.9012838
2/28/14,333.7229644
3/1/14,274.3944422
3/2/14,289.9328683
3/3/14,308.6495969
3/4/14,325.2474684
3/5/14,330.1915245
3/6/14,328.7789419
3/7/14,320.3034123
3/8/14,327.0132051
3/9/14,344.6705052
3/10/14,341.1390317
3/11/14,332.6635358
3/12/14,319.9502919
3/13/14,323.4817317
3/14/14,316.0656643
3/15/14,320.6565664
3/16/14,324.8943143
3/17/14,325.9537429
3/18/14,318.1845551
3/19/14,316.0656643
3/20/14,315.3593898
3/21/14,295.936353
3/22/14,270.5098315
3/23/14,299.1146724
3/24/14,287.107703
3/25/14,288.5202856
3/26/14,297.3489357
3/27/14,282.1636468
3/28/14,294.1706163
3/29/14,301.2335296
3/30/14,301.5866836
3/31/14,291.3454509
4/1/14,312.1810704
4/2/14,321.0097204
4/3/14,329.4852164
4/4/14,335.4887011
4/5/14,338.6670205
4/6/14,340.0796032
4/7/14,340.0796032
4/8/14,339.0201746
4/9/14,336.1950093
4/10/14,331.9572276
4/11/14,326.6600511
4/12/14,321.0097204
4/13/14,317.1250929
4/14/14,314.2999276
4/15/14,311.4747622
4/16/14,310.4153337
4/17/14,310.4153337
4/18/14,311.1216418
4/19/14,312.8873449
4/20/14,315.3593898
4/21/14,317.831401
4/22/14,321.0097204
4/23/14,324.5411602
4/24/14,328.4257878
4/25/14,332.6635358
4/26/14,336.9012838
4/27/14,339.7264491
4/28/14,345.0236593
4/29/14,345.7299338
4/30/14,356.6774746
5/1/14,406.1179013
5/2/14,550.9077753
5/3/14,663.9144552
5/4/14,614.4740285
5/5/14,589.7538489
5/6/14,572.0965488
5/7/14,536.781915
5/8/14,526.1875282
5/9/14,529.7190017
5/10/14,550.9077753
5/11/14,543.8448283
5/12/14,543.8448283
5/13/14,554.4392151
5/14/14,625.068449
5/15/14,798.1099761
5/16/14,1140.661557
5/17/14,1433.772711
5/18/14,1769.261412
5/19/14,2065.904107
5/20/14,2203.631101
5/21/14,2351.952314
5/22/14,2645.063603
5/23/14,3386.670205
5/24/14,4308.381214
5/25/14,4273.066614
5/26/14,4061.179013
5/27/14,4061.179013
5/28/14,3884.606013
5/29/14,3778.662212
5/30/14,3496.145411
5/31/14,3418.453399
6/1/14,3524.397199
6/2/14,3884.606013
6/3/14,4308.381214
6/4/14,4838.100216
6/5/14,5120.617017
6/6/14,4590.898015
6/7/14,4096.493613
6/8/14,3849.291413
6/9/14,4061.179013
6/10/14,4308.381214
6/11/14,4061.179013
6/12/14,3955.235213
6/13/14,4061.179013
6/14/14,4237.752014
6/15/14,4379.010414
6/16/14,4626.212615
6/17/14,4802.785616
6/18/14,4520.268815
6/19/14,4873.414816
6/20/14,5615.021418
6/21/14,5968.167419
6/22/14,5685.650619
6/23/14,5332.504617
6/24/14,5367.819217
6/25/14,6038.79662
6/26/14,6285.99882
6/27/14,5579.706818
6/28/14,5579.706818
6/29/14,5615.021418
6/30/14,5332.504617
7/1/14,4838.100216
7/2/14,4838.100216
7/3/14,5085.302417
7/4/14,5897.538219
7/5/14,6144.74042
7/6/14,5085.302417
7/7/14,5049.987816
7/8/14,4696.841815
7/9/14,4484.954215
7/10/14,4414.325014
7/11/14,4096.493613
7/12/14,3813.976812
7/13/14,3672.718412
7/14/14,3672.718412
7/15/14,3849.291413
7/16/14,3849.291413
7/17/14,3849.291413
7/18/14,3743.347612
7/19/14,3492.614005
7/20/14,4202.437414
7/21/14,4131.808213
7/22/14,3708.033012
7/23/14,3298.383705
7/24/14,3245.411804
7/25/14,3245.411804
7/26/14,2952.300516
7/27/14,2683.909609
7/28/14,2553.245696
7/29/14,2539.119802
7/30/14,2574.434402
7/31/14,2630.937709
8/1/14,2641.532196
8/2/14,2620.343221
8/3/14,2630.937709
8/4/14,2655.657821
8/5/14,2553.245696
8/6/14,2479.08482
8/7/14,2443.77022
8/8/14,2408.45562
8/9/14,2475.553414
8/10/14,2274.260301
8/11/14,2203.631101
8/12/14,2214.225454
8/13/14,2263.665813
8/14/14,2302.51182
8/15/14,2337.82642
8/16/14,2380.204102
8/17/14,2383.735508
8/18/14,2341.358095
8/19/14,2344.889502
8/20/14,2309.574901
8/21/14,2228.351213
8/22/14,2097.687301
8/23/14,1970.554659
8/24/14,1861.079453
8/25/14,1783.387306
8/26/14,1726.884
8/27/14,1762.1986
8/28/14,1857.547912
8/29/14,1998.806313
8/30/14,2027.0581
8/31/14,1974.0862
9/1/14,1811.638959
9/2/14,1755.135653
9/3/14,1868.1424
9/4/14,1758.667059
9/5/14,1638.597499
9/6/14,1550.310999
9/7/14,1500.870505
9/8/14,1705.695159
9/9/14,2080.030001
9/10/14,1949.365953
9/11/14,1811.638959
9/12/14,1723.352459
9/13/14,1638.597499
9/14/14,1571.499705
9/15/14,1532.653699
9/16/14,1511.464858
9/17/14,1497.339099
9/18/14,1486.744611
9/19/14,1592.688411
9/20/14,1695.100806
9/21/14,1673.912099
9/22/14,1638.597499
9/23/14,1684.506452
9/24/14,1829.296259
9/25/14,2041.18386
9/26/14,2041.18386
9/27/14,2027.0581
9/28/14,1885.7997
9/29/14,1762.1986
9/30/14,1691.569399
10/1/14,1635.065958
10/2/14,1553.842405
10/3/14,1462.024499
10/4/14,1405.521058
10/5/14,1373.737998
10/6/14,1334.891857
10/7/14,1345.486211
10/8/14,1303.108798
10/9/14,1267.794198
10/10/14,1228.948057
10/11/14,1200.696404
10/12/14,1183.039104
10/13/14,1137.130151
10/14/14,1101.815551
10/15/14,1108.87843
10/16/14,1094.752604
10/17/14,1066.50095
10/18/14,1034.717756
10/19/14,1013.52905
10/20/14,988.8088032
10/21/14,995.8717502
10/22/14,1020.59193
10/23/14,1052.375056
10/24/14,1140.661557
10/25/14,1062.969477
10/26/14,1062.969477
10/27/14,1077.095304
10/28/14,1002.93463
10/29/14,964.0885562
10/30/14,946.4312561
10/31/14,925.24255
11/1/14,967.6200297
11/2/14,995.8717502
11/3/14,949.9627296
11/4/14,942.89985
11/5/14,942.89985
11/6/14,918.179603
11/7/14,1031.18635
11/8/14,1045.312177
11/9/14,1020.59193
11/10/14,925.24255
11/11/14,642.725749
11/12/14,466.1527148
11/13/14,420.2437279
11/14/14,388.4606013
11/15/14,391.9920747
11/16/14,434.3695882
11/17/14,469.6841883
11/18/14,476.7471016
11/19/14,480.278575
11/20/14,504.9987884
11/21/14,603.8796754
11/22/14,639.1942756
11/23/14,625.068449
11/24/14,603.8796754
11/25/14,593.285255
11/26/14,593.285255
11/27/14,593.285255
11/28/14,526.1875282
11/29/14,409.6493748
11/30/14,406.1179013
12/1/14,437.901028
12/2/14,529.7190017
12/3/14,543.8448283
12/4/14,565.0336018
12/5/14,547.3763018
12/6/14,550.9077753
12/7/14,600.348202
12/8/14,586.2223754
12/9/14,568.5650753
12/10/14,557.9706886
12/11/14,533.2504752
12/12/14,512.0617017
12/13/14,490.8729281
12/14/14,459.0898015
12/15/14,377.8662145
12/16/14,360.2089144
12/17/14,384.9291278
12/18/14,427.3066749
12/19/14,441.4325014
12/20/14,427.3066749
12/21/14,413.1808146
12/22/14,402.5864278
12/23/14,388.4606013
12/24/14,381.397688
12/25/14,351.7334185
12/26/14,333.3698103
12/27/14,284.6356917
12/28/14,273.3349968
12/29/14,264.1532095
12/30/14,267.3315289
12/31/14,295.5831989
1/1/15,356.6774746
1/2/15,430.8381147
1/3/15,459.0898015
1/4/15,466.1527148
1/5/15,452.0268882
1/6/15,402.5864278
1/7/15,381.397688
1/8/15,360.2089144
1/9/15,338.6670205
1/10/15,332.3103817
1/11/15,340.7858776
1/12/15,339.373295
1/13/15,326.6600511
1/14/15,332.3103817
1/15/15,336.1950093
1/16/15,346.7893624
1/17/15,349.2614073
1/18/15,349.9676818
1/19/15,356.6774746
1/20/15,349.6145277
1/21/15,328.0726337
1/22/15,335.135547
1/23/15,336.9012838
1/24/15,337.9607123
1/25/15,341.4921858
1/26/15,353.1460012
1/27/15,345.0236593
1/28/15,344.3173511
1/29/15,310.0621796
1/30/15,280.7510642
1/31/15,264.1532095
2/1/15,253.5588228
2/2/15,259.5623075
2/3/15,275.1007335
2/4/15,299.4677928
2/5/15,324.8943143
2/6/15,340.4327572
2/7/15,360.2089144
2/8/15,363.7403879
2/9/15,370.8033012
2/10/15,374.3347747
2/11/15,374.3347747
2/12/15,370.8033012
2/13/15,377.8662145
2/14/15,381.397688
2/15/15,351.0271103
2/16/15,310.7684877
2/17/15,304.0586949
2/18/15,344.3173511
2/19/15,360.2089144
2/20/15,360.2089144
2/21/15,356.6774746
2/22/15,274.7475963
2/23/15,302.6461122
2/24/15,356.6774746
2/25/15,348.9082532
2/26/15,303.7055745
2/27/15,275.1007335
2/28/15,252.8525314
3/1/15,260.2685988
3/2/15,304.0586949
3/3/15,251.7931029
3/4/15,232.7232201
3/5/15,280.7510642
3/6/15,322.4223031
3/7/15,331.2509531
3/8/15,327.0132051
3/9/15,335.135547
3/10/15,336.9012838
3/11/15,336.9012838
3/12/15,336.5481297
3/13/15,342.9047685
3/14/15,351.7334185
3/15/15,353.1460012
3/16/15,347.1425164
3/17/15,335.8418552
3/18/15,338.3138664
3/19/15,341.8453399
3/20/15,342.9047685
3/21/15,348.201945
3/22/15,356.6774746
3/23/15,356.6774746
3/24/15,346.4362419
3/25/15,336.5481297
3/26/15,337.9607123
3/27/15,353.1460012
3/28/15,391.9920747
3/29/15,423.7752014
3/30/15,416.7122881
3/31/15,416.7122881
4/1/15,409.6493748
4/2/15,388.4606013
4/3/15,381.397688
4/4/15,374.3347747
4/5/15,370.8033012
4/6/15,363.7403879
4/7/15,356.6774746
4/8/15,348.5550991
4/9/15,346.0830879
4/10/15,349.2614073
4/11/15,351.7334185
4/12/15,352.7928471
4/13/15,340.7858776
4/14/15,341.4921858
4/15/15,336.5481297
4/16/15,334.4292725
4/17/15,342.5516144
4/18/15,349.6145277
4/19/15,351.7334185
4/20/15,356.6774746
4/21/15,377.8662145
4/22/15,427.3066749
4/23/15,469.6841883
4/24/15,473.2156281
4/25/15,462.621275
4/26/15,448.4954147
4/27/15,441.4325014
4/28/15,452.0268882
4/29/15,540.3133885
4/30/15,628.5998551
5/1/15,621.5369755
5/2/15,618.005502
5/3/15,596.8167285
5/4/15,582.6909019
5/5/15,600.348202
5/6/15,653.3201021
5/7/15,660.3830491
5/8/15,660.3830491
5/9/15,674.5088757
5/10/15,734.5436555
5/11/15,808.7043292
5/12/15,900.5223029
5/13/15,995.8717502
5/14/15,1059.438003
5/15/15,1077.095304
5/16/15,1175.976157
5/17/15,1257.19971
5/18/15,1306.640204
5/19/15,1476.150258
5/20/15,1733.946812
5/21/15,2076.49846
5/22/15,2472.022008
5/23/15,2856.951203
5/24/15,3167.719523
5/25/15,3294.852299
5/26/15,3347.824199
5/27/15,3708.033012
5/28/15,4237.752014
5/29/15,4626.212615
5/30/15,4696.841815
5/31/15,4696.841815
6/1/15,4732.156415
6/2/15,4555.583415
6/3/15,4696.841815
6/4/15,4802.785616
6/5/15,4590.898015
6/6/15,4484.954215
6/7/15,4555.583415
6/8/15,4802.785616
6/9/15,5332.504617
6/10/15,5120.617017
6/11/15,4661.527215
6/12/15,4273.066614
6/13/15,3813.976812
6/14/15,3323.103817
6/15/15,2899.328616
6/16/15,2634.469115
6/17/15,2560.308508
6/18/15,2616.811815
6/19/15,2722.755615
6/20/15,2832.230821
6/21/15,2683.909609
6/22/15,2496.74212
6/23/15,2376.672696
6/24/15,2334.295014
6/25/15,2359.015395
6/26/15,2482.616496
6/27/15,2768.664703
6/28/15,2892.265803
6/29/15,3065.307398
6/30/15,3210.097204
7/1/15,3344.292523
7/2/15,3206.565798
7/3/15,3012.335498
7/4/15,2920.517322
7/5/15,2754.538809
7/6/15,2514.39942
7/7/15,2341.358095
7/8/15,2277.791707
7/9/15,2274.260301
7/10/15,2337.82642
7/11/15,2436.707408
7/12/15,2549.714021
7/13/15,2553.245696
7/14/15,2454.364708
7/15/15,2359.015395
7/16/15,2334.295014
7/17/15,2295.449007
7/18/15,2221.288401
7/19/15,2143.596254
7/20/15,2157.722013
7/21/15,2217.75686
7/22/15,2214.225454
7/23/15,2080.030001
7/24/15,1956.4289
7/25/15,1906.988406
7/26/15,2087.092813
7/27/15,1935.240059
7/28/15,1801.044606
7/29/15,1698.632212
7/30/15,1702.163752
7/31/15,1688.037859
8/1/15,1737.478353
8/2/15,1786.918712
8/3/15,1811.638959
8/4/15,1868.1424
8/5/15,1959.960306
8/6/15,1921.1143
8/7/15,1818.701906
8/8/15,1758.667059
8/9/15,1716.289512
8/10/15,1705.695159
8/11/15,1695.100806
8/12/15,1712.758106
8/13/15,1765.730006
8/14/15,1808.107553
8/15/15,2030.589507
8/16/15,2164.78496
8/17/15,2012.932207
8/18/15,1839.890612
8/19/15,1741.009759
8/20/15,1723.352459
8/21/15,1836.359206
8/22/15,1988.21196
8/23/15,1733.946812
8/24/15,1592.688411
8/25/15,1522.059211
8/26/15,1462.024499
8/27/15,1423.178358
8/28/15,1423.178358
8/29/15,1430.241305
8/30/15,1539.716511
8/31/15,1539.716511
9/1/15,1447.898605
9/2/15,1529.122158
9/3/15,1684.506452
9/4/15,1536.185105
9/5/15,1430.241305
9/6/15,1451.430011
9/7/15,1419.646952
9/8/15,1341.954804
9/9/15,1310.17161
9/10/15,1310.17161
9/11/15,1299.577257
9/12/15,1313.703151
9/13/15,1409.052598
9/14/15,1490.276152
9/15/15,1550.310999
9/16/15,1493.807558
9/17/15,1391.395298
9/18/15,1306.640204
9/19/15,1253.668304
9/20/15,1317.234557
9/21/15,2864.014015
9/22/15,2881.671316
9/23/15,2521.462502
9/24/15,2214.225454
9/25/15,1981.149013
9/26/15,2224.819807
9/27/15,2263.665813
9/28/15,2019.995154
9/29/15,1857.547912
9/30/15,1737.478353
10/1/15,1635.065958
10/2/15,1539.716511
10/3/15,1536.185105
10/4/15,1451.430011
10/5/15,1387.863758
10/6/15,1324.297504
10/7/15,1264.262657
10/8/15,1221.88511
10/9/15,1190.102051
10/10/15,1186.57051
10/11/15,1702.163752
10/12/15,1808.107553
10/13/15,1659.786205
10/14/15,1532.653699
10/15/15,1426.709899
10/16/15,1349.017751
10/17/15,1288.982904
10/18/15,1243.073951
10/19/15,1218.353704
10/20/15,1207.759351
10/21/15,1165.381804
10/22/15,1123.004257
10/23/15,1080.626777
10/24/15,1045.312177
10/25/15,988.8088032
10/26/15,971.1515032
10/27/15,964.0885562
10/28/15,928.7739561
10/29/15,907.5852499
10/30/15,893.459356
10/31/15,889.9279498
11/1/15,896.9908295
11/2/15,879.3335294
11/3/15,808.7043292
11/4/15,727.4807758
11/5/15,699.2290553
11/6/15,699.2290553
11/7/15,727.4807758
11/8/15,734.5436555
11/9/15,727.4807758
11/10/15,649.7886286
11/11/15,709.8234758
11/12/15,653.3201021
11/13/15,670.9774022
11/14/15,695.6976492
11/15/15,720.4178289
11/16/15,695.6976492
11/17/15,628.5998551
11/18/15,603.8796754
11/19/15,603.8796754
11/20/15,579.1594284
11/21/15,512.0617017
11/22/15,557.9706886
11/23/15,536.781915
11/24/15,550.9077753
11/25/15,480.278575
11/26/15,381.397688
11/27/15,370.8033012
11/28/15,416.7122881
11/29/15,448.4954147
11/30/15,469.6841883
12/1/15,469.6841883
12/2/15,473.2156281
12/3/15,494.4044016
12/4/15,557.9706886
12/5/15,575.6279549
12/6/15,561.5021284
12/7/15,557.9706886
12/8/15,554.4392151
12/9/15,547.3763018
12/10/15,547.3763018
12/11/15,533.2504752
12/12/15,526.1875282
12/13/15,512.0617017
12/14/15,494.4044016
12/15/15,455.558328
12/16/15,409.6493748
12/17/15,337.6075919
12/18/15,351.7334185
12/19/15,437.901028
12/20/15,452.0268882
12/21/15,455.558328
12/22/15,430.8381147
12/23/15,434.3695882
12/24/15,406.1179013
12/25/15,384.9291278
12/26/15,342.9047685
12/27/15,344.3173511
12/28/15,360.2089144
12/29/15,377.8662145
12/30/15,321.7159949
12/31/15,292.4048795
1/1/16,289.2265601
1/2/16,315.3593898
1/3/16,347.4956705
1/4/16,363.7403879
1/5/16,381.397688
1/6/16,395.5235146
1/7/16,406.1179013
1/8/16,391.9920747
1/9/16,348.9082532
1/10/16,336.5481297
1/11/16,363.7403879
1/12/16,388.4606013
1/13/16,416.7122881
1/14/16,427.3066749
1/15/16,430.8381147
1/16/16,423.7752014
1/17/16,420.2437279
1/18/16,427.3066749
1/19/16,434.3695882
1/20/16,430.8381147
1/21/16,427.3066749
1/22/16,437.901028
1/23/16,437.901028
1/24/16,423.7752014
1/25/16,391.9920747
1/26/16,384.9291278
1/27/16,402.5864278
1/28/16,402.5864278
1/29/16,402.5864278
1/30/16,399.054988
1/31/16,395.5235146
2/1/16,391.9920747
2/2/16,384.9291278
2/3/16,351.7334185
2/4/16,370.8033012
2/5/16,388.4606013
2/6/16,399.054988
2/7/16,381.397688
2/8/16,381.397688
2/9/16,384.9291278
2/10/16,377.8662145
2/11/16,377.8662145
2/12/16,381.397688
2/13/16,381.397688
2/14/16,381.397688
2/15/16,381.397688
2/16/16,381.397688
2/17/16,374.3347747
2/18/16,381.397688
2/19/16,384.9291278
2/20/16,381.397688
2/21/16,367.2718277
2/22/16,341.1390317
2/23/16,353.1460012
2/24/16,334.7823929
2/25/16,336.5481297
2/26/16,349.6145277
2/27/16,353.1460012
2/28/16,342.5516144
2/29/16,346.4362419
3/1/16,337.9607123
3/2/16,339.0201746
3/3/16,339.7264491
3/4/16,334.0761184
3/5/16,336.9012838
3/6/16,336.1950093
3/7/16,331.2509531
3/8/16,334.0761184
3/9/16,324.5411602
3/10/16,322.7754572
3/11/16,318.5377092
3/12/16,321.0097204
3/13/16,322.069149
3/14/16,319.2439837
3/15/16,311.4747622
3/16/16,299.8209469
3/17/16,280.7510642
3/18/16,275.8070249
3/19/16,276.5133162
3/20/16,289.5797142
3/21/16,299.1146724
3/22/16,294.8769244
3/23/16,289.9328683
3/24/16,290.6391428
3/25/16,287.4608571
3/26/16,281.4573555
3/27/16,277.9258989
3/28/16,271.9224142
3/29/16,272.2755682
3/30/16,272.2755682
3/31/16,281.4573555
4/1/16,291.698605
4/2/16,308.2964428
4/3/16,328.0726337
4/4/16,345.0236593
4/5/16,344.6705052
4/6/16,338.6670205
4/7/16,341.8453399
4/8/16,356.6774746
4/9/16,384.9291278
4/10/16,430.8381147
4/11/16,448.4954147
4/12/16,459.0898015
4/13/16,459.0898015
4/14/16,455.558328
4/15/16,444.9639749
4/16/16,437.901028
4/17/16,448.4954147
4/18/16,494.4044016
4/19/16,586.2223754
4/20/16,723.9493024
4/21/16,921.7110765
4/22/16,1151.25591
4/23/16,1500.870505
4/24/16,1744.5413
4/25/16,1854.016506
4/26/16,1786.918712
4/27/16,1712.758106
4/28/16,1617.408658
4/29/16,1553.842405
4/30/16,1514.996399
5/1/16,1437.304252
5/2/16,1497.339099
5/3/16,1822.233312
5/4/16,2281.323114
5/5/16,2563.839914
5/6/16,2800.447897
5/7/16,2839.293903
5/8/16,3047.650098
5/9/16,2849.888122
5/10/16,2457.896114
5/11/16,2178.910854
5/12/16,2104.750113
5/13/16,1914.051353
5/14/16,1737.478353
5/15/16,1631.534552
5/16/16,1610.345711
5/17/16,1702.163752
5/18/16,1885.7997
5/19/16,2277.791707
5/20/16,2514.39942
5/21/16,2482.616496
5/22/16,2645.063603
5/23/16,2772.196109
5/24/16,2524.993908
5/25/16,2482.616496
5/26/16,2659.189496
5/27/16,2825.168009
5/28/16,2832.230821
5/29/16,2556.777102
5/30/16,2380.204102
5/31/16,2185.973801
6/1/16,2087.092813
6/2/16,2090.624354
6/3/16,2224.819807
6/4/16,2369.609614
6/5/16,2775.727515
6/6/16,3150.062222
6/7/16,3602.089212
6/8/16,3778.662212
6/9/16,3778.662212
6/10/16,3602.089212
6/11/16,3460.830811
6/12/16,3054.71291
6/13/16,2623.874896
6/14/16,2464.959196
6/15/16,2316.637714
6/16/16,2108.281654
6/17/16,1921.1143
6/18/16,1786.918712
6/19/16,1885.7997
6/20/16,1836.359206
6/21/16,1839.890612
6/22/16,1938.7716
6/23/16,2030.589507
6/24/16,2193.036613
6/25/16,2383.735508
6/26/16,2500.273796
6/27/16,2454.364708
6/28/16,2433.176002
6/29/16,2472.022008
6/30/16,2616.811815
7/1/16,2765.133297
7/2/16,2648.595009
7/3/16,2574.434402
7/4/16,2546.182614
7/5/16,2376.672696
7/6/16,2196.568154
7/7/16,2030.589507
7/8/16,1914.051353
7/9/16,1868.1424
7/10/16,1896.394053
7/11/16,1892.862512
7/12/16,2037.652454
7/13/16,2366.078208
7/14/16,2585.028621
7/15/16,2641.532196
7/16/16,3160.65671
7/17/16,3393.733017
7/18/16,3093.558916
7/19/16,2885.202722
7/20/16,2768.664703
7/21/16,2556.777102
7/22/16,2387.266914
7/23/16,2267.19722
7/24/16,2175.379313
7/25/16,2140.064713
7/26/16,2203.631101
7/27/16,2210.693913
7/28/16,2182.44226
7/29/16,2171.847907
7/30/16,2207.162507
7/31/16,2348.420908
8/1/16,2193.036613
8/2/16,2012.932207
8/3/16,1956.4289
8/4/16,1871.673806
8/5/16,1815.1705
8/6/16,1829.296259
8/7/16,1963.491713
8/8/16,2009.4008
8/9/16,2016.463613
8/10/16,1967.023253
8/11/16,2055.309754
8/12/16,2009.4008
8/13/16,1942.303006
8/14/16,1899.925459
8/15/16,1921.1143
8/16/16,1871.673806
8/17/16,1861.079453
8/18/16,1836.359206
8/19/16,1730.415406
8/20/16,1642.128905
8/21/16,1620.940199
8/22/16,1666.849152
8/23/16,1723.352459
8/24/16,1578.562652
8/25/16,1476.150258
8/26/16,1423.178358
8/27/16,1398.458111
8/28/16,1525.590752
8/29/16,1514.996399
8/30/16,1493.807558
8/31/16,1560.905352
9/1/16,1617.408658
9/2/16,1560.905352
9/3/16,1631.534552
9/4/16,1514.996399
9/5/16,1398.458111
9/6/16,1324.297504
9/7/16,1317.234557
9/8/16,1317.234557
9/9/16,1320.766098
9/10/16,1250.136898
9/11/16,1405.521058
9/12/16,1419.646952
9/13/16,1334.891857
9/14/16,1274.85701
9/15/16,1225.416651
9/16/16,1190.102051
9/17/16,1172.444751
9/18/16,1313.703151
9/19/16,1310.17161
9/20/16,1327.82891
9/21/16,1341.954804
9/22/16,1288.982904
9/23/16,1281.919957
9/24/16,1264.262657
9/25/16,1221.88511
9/26/16,1175.976157
9/27/16,1165.381804
9/28/16,1239.54241
9/29/16,1221.88511
9/30/16,1204.22781
10/1/16,1363.143511
10/2/16,1695.100806
10/3/16,1592.688411
10/4/16,1500.870505
10/5/16,1433.772711
10/6/16,1356.080698
10/7/16,1292.51431
10/8/16,1274.85701
10/9/16,1377.269404
10/10/16,1341.954804
10/11/16,1243.073951
10/12/16,1151.25591
10/13/16,1098.284077
10/14/16,1133.59861
10/15/16,1147.724504
10/16/16,1144.193098
10/17/16,1126.53573
10/18/16,1087.689657
10/19/16,1041.780703
10/20/16,999.4031563
10/21/16,978.2144501
10/22/16,942.89985
10/23/16,900.5223029
10/24/16,875.8020559
10/25/16,861.6762293
10/26/16,865.2077028
10/27/16,886.3964764
10/28/16,907.5852499
10/29/16,861.6762293
10/30/16,829.8931027
10/31/16,801.6414496
11/1/16,808.7043292
11/2/16,794.5785026
11/3/16,780.452676
11/4/16,769.8582556
11/5/16,752.2009555
11/6/16,755.732429
11/7/16,791.0470291
11/8/16,773.389729
11/9/16,766.3268494
11/10/16,769.8582556
11/11/16,755.732429
11/12/16,766.3268494
11/13/16,829.8931027
11/14/16,822.8301557
11/15/16,815.7672761
11/16/16,801.6414496
11/17/16,720.4178289
11/18/16,713.3549493
11/19/16,702.7605288
11/20/16,720.4178289
11/21/16,727.4807758
11/22/16,713.3549493
11/23/16,639.1942756
11/24/16,670.9774022
11/25/16,667.4459287
11/26/16,656.8515756
11/27/16,646.2571552
11/28/16,618.005502
11/29/16,709.8234758
11/30/16,508.5302282
12/1/16,568.5650753
12/2/16,543.8448283
12/3/16,526.1875282
12/4/16,561.5021284
12/5/16,497.9358751
12/6/16,395.5235146
12/7/16,319.5971378
12/8/16,282.5168009
12/9/16,281.1042183
12/10/16,333.0166899
12/11/16,391.9920747
12/12/16,427.3066749
12/13/16,406.1179013
12/14/16,377.8662145
12/15/16,377.8662145
12/16/16,395.5235146
12/17/16,391.9920747
12/18/16,391.9920747
12/19/16,406.1179013
12/20/16,434.3695882
12/21/16,487.3414883
12/22/16,515.5931752
12/23/16,504.9987884
12/24/16,487.3414883
12/25/16,452.0268882
12/26/16,402.5864278
12/27/16,413.1808146
12/28/16,430.8381147
12/29/16,416.7122881
12/30/16,406.1179013
12/31/16,395.5235146
1/1/17,384.9291278
1/2/17,363.7403879
1/3/17,348.5550991
1/4/17,348.9082532
1/5/17,363.7403879
1/6/17,367.2718277
1/7/17,363.7403879
1/8/17,360.2089144
1/9/17,360.2089144
1/10/17,363.7403879
1/11/17,367.2718277
1/12/17,370.8033012
1/13/17,377.8662145
1/14/17,384.9291278
1/15/17,388.4606013
1/16/17,388.4606013
1/17/17,388.4606013
1/18/17,391.9920747
1/19/17,391.9920747
1/20/17,384.9291278
1/21/17,381.397688
1/22/17,374.3347747
1/23/17,374.3347747
1/24/17,370.8033012
1/25/17,360.2089144
1/26/17,363.7403879
1/27/17,367.2718277
1/28/17,367.2718277
1/29/17,360.2089144
1/30/17,350.6739899
1/31/17,342.1984603
2/1/17,333.0166899
2/2/17,322.4223031
2/3/17,322.4223031
2/4/17,324.1880398
2/5/17,323.8348857
2/6/17,324.8943143
2/7/17,322.069149
2/8/17,329.1320623
2/9/17,333.7229644
2/10/17,337.6075919
2/11/17,349.9676818
2/12/17,351.7334185
2/13/17,353.1460012
2/14/17,352.439693
2/15/17,356.6774746
2/16/17,353.1460012
2/17/17,348.5550991
2/18/17,346.4362419
2/19/17,349.2614073
2/20/17,341.4921858
2/21/17,335.8418552
2/22/17,325.2474684
2/23/17,318.5377092
2/24/17,305.8244316
2/25/17,301.9398377
2/26/17,294.8769244
2/27/17,293.1111877
2/28/17,294.5237703
3/1/17,303.3524204
3/2/17,307.2370143
3/3/17,309.3559051
3/4/17,305.8244316
3/5/17,300.5272551
3/6/17,292.0517591
3/7/17,291.698605
3/8/17,284.9888122
3/9/17,283.9293836
3/10/17,279.6916356
3/11/17,283.9293836
3/12/17,305.4712775
3/13/17,319.9502919
3/14/17,318.8908296
3/15/17,324.8943143
3/16/17,331.2509531
3/17/17,322.7754572
3/18/17,330.544645
3/19/17,331.9572276
3/20/17,309.002751
3/21/17,328.7789419
3/22/17,331.6041072
3/23/17,335.135547
3/24/17,329.8383705
3/25/17,338.6670205
3/26/17,340.4327572
3/27/17,345.7299338
3/28/17,348.9082532
3/29/17,350.3208358
3/30/17,347.1425164
3/31/17,352.439693
4/1/17,353.1460012
4/2/17,352.7928471
4/3/17,347.8488246
4/4/17,337.2544378
4/5/17,342.1984603
4/6/17,350.3208358
4/7/17,356.6774746
4/8/17,363.7403879
4/9/17,363.7403879
4/10/17,353.1460012
4/11/17,350.3208358
4/12/17,347.4956705
4/13/17,347.8488246
4/14/17,356.6774746
4/15/17,353.1460012
4/16/17,348.201945
4/17/17,352.7928471
4/18/17,353.1460012
4/19/17,374.3347747
4/20/17,377.8662145
4/21/17,395.5235146
4/22/17,402.5864278
4/23/17,427.3066749
4/24/17,437.901028
4/25/17,452.0268882
4/26/17,441.4325014
4/27/17,444.9639749
4/28/17,444.9639749
4/29/17,452.0268882
4/30/17,459.0898015
5/1/17,462.621275
5/2/17,462.621275
5/3/17,473.2156281
5/4/17,522.6560884
5/5/17,776.9212025
5/6/17,1274.85701
5/7/17,1567.968299
5/8/17,1589.157005
5/9/17,1550.310999
5/10/17,1500.870505
5/11/17,1536.185105
5/12/17,1811.638959
5/13/17,2231.882754
5/14/17,2065.904107
5/15/17,1846.953559
5/16/17,1670.380559
5/17/17,1529.122158
5/18/17,1437.304252
5/19/17,1451.430011
5/20/17,1504.401911
5/21/17,1684.506452
5/22/17,2072.967054
5/23/17,2775.727515
5/24/17,4590.898015
5/25/17,4167.122814
5/26/17,3672.718412
5/27/17,3474.956705
5/28/17,4061.179013
5/29/17,5014.673216
5/30/17,6180.05502
5/31/17,7274.807624
6/1/17,8546.133228
6/2/17,9393.683631
6/3/17,8581.447828
6/4/17,7451.380624
6/5/17,7274.807624
6/6/17,6780.403222
6/7/17,6639.144822
6/8/17,6992.290823
6/9/17,9217.11063
6/10/17,9534.942031
6/11/17,7380.751424
6/12/17,5791.594419
6/13/17,5685.650619
6/14/17,6780.403222
6/15/17,6992.290823
6/16/17,6109.42582
6/17/17,5615.021418
6/18/17,5014.673216
6/19/17,4590.898015
6/20/17,4520.268815
6/21/17,5120.617017
6/22/17,4661.527215
6/23/17,4096.493613
6/24/17,3778.662212
6/25/17,3778.662212
6/26/17,4237.752014
6/27/17,5191.246217
6/28/17,5049.987816
6/29/17,4484.954215
6/30/17,4202.437414
7/1/17,4449.639615
7/2/17,4732.156415
7/3/17,4838.100216
7/4/17,4908.729416
7/5/17,4555.583415
7/6/17,4308.381214
7/7/17,4237.752014
7/8/17,4273.066614
7/9/17,4237.752014
7/10/17,4167.122814
7/11/17,4025.864413
7/12/17,3743.347612
7/13/17,3464.362217
7/14/17,3344.292523
7/15/17,3287.789217
7/16/17,3316.041005
7/17/17,3153.593898
7/18/17,2818.105197
7/19/17,2567.371321
7/20/17,2443.77022
7/21/17,2464.959196
7/22/17,2362.546802
7/23/17,2323.700795
7/24/17,2447.301896
7/25/17,2351.952314
7/26/17,2235.41416
7/27/17,2189.505207
7/28/17,2235.41416
7/29/17,2231.882754
7/30/17,2210.693913
7/31/17,2203.631101
8/1/17,2154.190607
8/2/17,2143.596254
8/3/17,2094.15576
8/4/17,2051.778213
8/5/17,2019.995154
8/6/17,1952.897359
8/7/17,1917.582759
8/8/17,1910.519812
8/9/17,1914.051353
8/10/17,1910.519812
8/11/17,1917.582759
8/12/17,1928.177112
8/13/17,1903.457
8/14/17,1959.960306
8/15/17,1829.296259
8/16/17,1688.037859
8/17/17,1617.408658
8/18/17,1585.625599
8/19/17,1596.219952
8/20/17,1543.248052
8/21/17,1447.898605
8/22/17,1409.052598
8/23/17,1454.961552
8/24/17,1536.185105
8/25/17,1603.282899
8/26/17,1507.933452
8/27/17,1444.367199
8/28/17,1465.555905
8/29/17,1518.527805
8/30/17,1539.716511
8/31/17,1550.310999
9/1/17,1514.996399
9/2/17,1440.835658
9/3/17,1500.870505
9/4/17,1567.968299
9/5/17,1525.590752
9/6/17,1493.807558
9/7/17,1458.492958
9/8/17,1483.213205
9/9/17,1564.436758
9/10/17,1808.107553
9/11/17,1638.597499
9/12/17,1511.464858
9/13/17,1589.157005
9/14/17,1500.870505
9/15/17,1331.360451
9/16/17,1207.759351
9/17/17,1108.87843
9/18/17,1041.780703
9/19/17,992.3402767
9/20/17,935.8369031
9/21/17,914.6481295
9/22/17,882.8650029
9/23/17,847.5504028
9/24/17,815.7672761
9/25/17,787.5155556
9/26/17,766.3268494
9/27/17,745.1380759
9/28/17,734.5436555
9/29/17,727.4807758
9/30/17,723.9493024
10/1/17,720.4178289
10/2/17,709.8234758
10/3/17,688.6347022
10/4/17,667.4459287
10/5/17,660.3830491
10/6/17,653.3201021
10/7/17,663.9144552
10/8/17,653.3201021
10/9/17,635.6628021
10/10/17,625.068449
10/11/17,625.068449
10/12/17,628.5998551
10/13/17,614.4740285
10/14/17,607.4111489
10/15/17,600.348202
10/16/17,593.285255
10/17/17,618.005502
10/18/17,762.795376
10/19/17,780.452676
10/20/17,826.3616292
10/21/17,780.452676
10/22/17,731.0122493
10/23/17,702.7605288
10/24/17,667.4459287
10/25/17,628.5998551
10/26/17,625.068449
10/27/17,600.348202
10/28/17,586.2223754
10/29/17,575.6279549
10/30/17,550.9077753
10/31/17,508.5302282
11/1/17,515.5931752
11/2/17,473.2156281
11/3/17,384.9291278
11/4/17,341.8453399
11/5/17,353.1460012
11/6/17,347.4956705
11/7/17,299.4677928
11/8/17,350.3208358
11/9/17,391.9920747
11/10/17,448.4954147
11/11/17,490.8729281
11/12/17,494.4044016
11/13/17,494.4044016
11/14/17,494.4044016
11/15/17,490.8729281
11/16/17,494.4044016
11/17/17,494.4044016
11/18/17,476.7471016
11/19/17,476.7471016
11/20/17,476.7471016
11/21/17,473.2156281
11/22/17,487.3414883
11/23/17,533.2504752
11/24/17,607.4111489
11/25/17,589.7538489
11/26/17,561.5021284
11/27/17,565.0336018
11/28/17,519.124615
11/29/17,515.5931752
11/30/17,501.4673149
12/1/17,490.8729281
12/2/17,487.3414883
12/3/17,455.558328
12/4/17,402.5864278
12/5/17,350.6739899
12/6/17,328.0726337
12/7/17,318.1845551
12/8/17,316.7719725
12/9/17,306.1775857
12/10/17,319.9502919
12/11/17,346.4362419
12/12/17,349.2614073
12/13/17,351.0271103
12/14/17,345.3767797
12/15/17,340.0796032
12/16/17,331.6041072
12/17/17,326.6600511
12/18/17,323.1285776
12/19/17,313.5936531
12/20/17,309.7090592
12/21/17,291.698605
12/22/17,289.5797142
12/23/17,286.7545489
12/24/17,280.7510642
12/25/17,282.5168009
12/26/17,284.9888122
12/27/17,285.3419662
12/28/17,283.9293836
12/29/17,282.869955
12/30/17,287.107703
12/31/17,290.2860224
1/1/18,303.7055745
1/2/18,318.8908296
1/3/18,330.897799
1/4/18,348.9082532
1/5/18,356.6774746
1/6/18,367.2718277
1/7/18,374.3347747
1/8/18,370.8033012
1/9/18,356.6774746
1/10/18,330.1915245
1/11/18,294.8769244
1/12/18,292.0517591
1/13/18,329.1320623
1/14/18,351.7334185
1/15/18,350.3208358
1/16/18,336.9012838
1/17/18,331.6041072
1/18/18,330.1915245
1/19/18,327.0132051
1/20/18,322.4223031
1/21/18,317.831401
1/22/18,315.7125102
1/23/18,312.1810704
1/24/18,309.7090592
1/25/18,305.4712775
1/26/18,296.2895071
1/27/18,285.3419662
1/28/18,283.9293836
1/29/18,296.9957816
1/30/18,302.6461122
1/31/18,301.2335296
2/1/18,292.7580336
2/2/18,305.1181571
2/3/18,287.8139775
2/4/18,267.3315289
2/5/18,287.4608571
2/6/18,282.869955
2/7/18,289.9328683
2/8/18,277.2196075
2/9/18,264.5063468
2/10/18,268.7441116
2/11/18,274.7475963
2/12/18,274.041305
2/13/18,277.9258989
2/14/18,280.7510642
2/15/18,278.9853443
2/16/18,276.160179
2/17/18,274.041305
2/18/18,271.5692769
2/19/18,267.6846662
2/20/18,264.8595009
2/21/18,263.8000555
2/22/18,263.8000555
2/23/18,263.4469182
2/24/18,261.3280442
2/25/18,258.5028789
2/26/18,254.6182682
2/27/18,251.7931029
2/28/18,251.4399488
3/1/18,252.1462401
3/2/18,251.4399488
3/3/18,249.3210748
3/4/18,247.9084921
3/5/18,247.5553549
3/6/18,247.9084921
3/7/18,248.2616462
3/8/18,247.9084921
3/9/18,248.2616462
3/10/18,248.6147835
3/11/18,249.3210748
3/12/18,249.6742289
3/13/18,249.6742289
3/14/18,249.3210748
3/15/18,248.9679375
3/16/18,248.2616462
3/17/18,247.5553549
3/18/18,247.2022008
3/19/18,247.2022008
3/20/18,247.2022008
3/21/18,247.2022008
3/22/18,247.2022008
3/23/18,247.2022008
3/24/18,247.2022008
3/25/18,247.2022008
3/26/18,247.2022008
3/27/18,247.2022008
3/28/18,246.8490467
3/29/18,245.4364641
3/30/18,240.8455788
3/31/18,239.0798421
4/1/18,241.9050074
4/2/18,241.1987161
4/3/18,241.5518702
4/4/18,244.7301727
4/5/18,246.4959095
4/6/18,250.7336574
4/7/18,259.2091702
4/8/18,266.9783748
4/9/18,270.8629856
4/10/18,272.9818596
4/11/18,274.7475963
4/12/18,278.2790529
4/13/18,285.3419662
4/14/18,291.3454509
4/15/18,298.0552102
4/16/18,302.6461122
4/17/18,300.8804091
4/18/18,302.6461122
4/19/18,308.2964428
4/20/18,324.5411602
4/21/18,341.1390317
4/22/18,344.6705052
4/23/18,336.9012838
4/24/18,346.7893624
4/25/18,367.2718277
4/26/18,391.9920747
4/27/18,441.4325014
4/28/18,522.6560884
4/29/18,646.2571552
4/30/18,702.7605288
5/1/18,738.0751289
5/2/18,713.3549493
5/3/18,752.2009555
5/4/18,840.4874558
5/5/18,992.3402767
5/6/18,1197.164998
5/7/18,1444.367199
5/8/18,1712.758106
5/9/18,2217.75686
5/10/18,2256.603001
5/11/18,2532.05672
5/12/18,2553.245696
5/13/18,2740.412915
5/14/18,3326.635223
5/15/18,4131.808213
5/16/18,5049.987816
5/17/18,5367.819217
5/18/18,5085.302417
5/19/18,4555.583415
5/20/18,4520.268815
5/21/18,4661.527215
5/22/18,4979.358616
5/23/18,5403.133818
5/24/18,5932.852819
5/25/18,6497.886421
5/26/18,6921.661623
5/27/18,7027.605423
5/28/18,6674.459422
5/29/18,6639.144822
5/30/18,6180.05502
5/31/18,5297.190017
6/1/18,4484.954215
6/2/18,3990.549813
6/3/18,3708.033012
6/4/18,3990.549813
6/5/18,4273.066614
6/6/18,3849.291413
6/7/18,3672.718412
6/8/18,3778.662212
6/9/18,4131.808213
6/10/18,4661.527215
6/11/18,4520.268815
6/12/18,3884.606013
6/13/18,3425.516211
6/14/18,3256.006023
6/15/18,3241.880398
6/16/18,3224.223098
6/17/18,3231.285911
6/18/18,3319.572411
6/19/18,3602.089212
6/20/18,3919.920613
6/21/18,4414.325014
6/22/18,5085.302417
6/23/18,5579.706818
6/24/18,5544.392218
6/25/18,5509.077618
6/26/18,5579.706818
6/27/18,4661.527215
6/28/18,3955.235213
6/29/18,3527.928605
6/30/18,3256.006023
7/1/18,3157.125304
7/2/18,3029.992798
7/3/18,3012.335498
7/4/18,2987.615116
7/5/18,2842.825309
7/6/18,2927.580403
7/7/18,3672.718412
7/8/18,3919.920613
7/9/18,3602.089212
7/10/18,3457.299405
7/11/18,3474.956705
7/12/18,3358.418417
7/13/18,3227.754504
7/14/18,3365.481499
7/15/18,3358.418417
7/16/18,3107.68481
7/17/18,2991.146522
7/18/18,3015.866904
7/19/18,3068.838804
7/20/18,3058.244316
7/21/18,2867.545422
7/22/18,2613.280409
7/23/18,2408.45562
7/24/18,2323.700795
7/25/18,2221.288401
7/26/18,2157.722013
7/27/18,2125.938954
7/28/18,2108.281654
7/29/18,2101.218707
7/30/18,2118.876007
7/31/18,2189.505207
8/1/18,2306.043495
8/2/18,2390.79832
8/3/18,2337.82642
8/4/18,2178.910854
8/5/18,2055.309754
8/6/18,1959.960306
8/7/18,1959.960306
8/8/18,1988.21196
8/9/18,1991.7435
8/10/18,2069.435513
8/11/18,2136.533307
8/12/18,2277.791707
8/13/18,2228.351213
8/14/18,2062.372701
8/15/18,1952.897359
8/16/18,1885.7997
8/17/18,1836.359206
8/18/18,1790.450253
8/19/18,1702.163752
8/20/18,1649.191852
8/21/18,1599.751358
8/22/18,1575.031111
8/23/18,1603.282899
8/24/18,1606.814305
8/25/18,1518.527805
8/26/18,1409.052598
8/27/18,1366.675051
8/28/18,1257.19971
8/29/18,1175.976157
8/30/18,1175.976157
8/31/18,1165.381804
9/1/18,1115.941377
9/2/18,1066.50095
9/3/18,1055.90653
9/4/18,1087.689657
9/5/18,1006.466103
9/6/18,964.0885562
9/7/18,935.8369031
9/8/18,946.4312561
9/9/18,992.3402767
9/10/18,1009.997577
9/11/18,1087.689657
9/12/18,1017.060456
9/13/18,1009.997577
9/14/18,1062.969477
9/15/18,1055.90653
9/16/18,1126.53573
9/17/18,1175.976157
9/18/18,1154.787451
9/19/18,1098.284077
9/20/18,1052.375056
9/21/18,1059.438003
9/22/18,1257.19971
9/23/18,1377.269404
9/24/18,1366.675051
9/25/18,1271.325604
9/26/18,1197.164998
9/27/18,1161.850398
9/28/18,1119.472851
9/29/18,1070.032357
9/30/18,1024.123403
10/1/18,1002.93463
10/2/18,1034.717756
10/3/18,995.8717502
10/4/18,949.9627296
10/5/18,911.116656
10/6/18,882.8650029
10/7/18,851.0818762
10/8/18,836.9560497
10/9/18,815.7672761
10/10/18,798.1099761
10/11/18,766.3268494
10/12/18,748.6695494
10/13/18,741.6066024
10/14/18,720.4178289
10/15/18,713.3549493
10/16/18,702.7605288
10/17/18,685.1032288
10/18/18,678.0403492
10/19/18,670.9774022
10/20/18,663.9144552
10/21/18,656.8515756
10/22/18,642.725749
10/23/18,635.6628021
10/24/18,635.6628021
10/25/18,632.1313286
10/26/18,632.1313286
10/27/18,635.6628021
10/28/18,628.5998551
10/29/18,628.5998551
10/30/18,618.005502
10/31/18,610.942555
11/1/18,603.8796754
11/2/18,610.942555
11/3/18,618.005502
11/4/18,603.8796754
11/5/18,596.8167285
11/6/18,586.2223754
11/7/18,550.9077753
11/8/18,452.0268882
11/9/18,434.3695882
11/10/18,452.0268882
11/11/18,444.9639749
11/12/18,452.0268882
11/13/18,455.558328
11/14/18,480.278575
11/15/18,448.4954147
11/16/18,430.8381147
11/17/18,423.7752014
11/18/18,427.3066749
11/19/18,459.0898015
11/20/18,459.0898015
11/21/18,452.0268882
11/22/18,455.558328
11/23/18,466.1527148
11/24/18,459.0898015
11/25/18,448.4954147
11/26/18,455.558328
11/27/18,466.1527148
11/28/18,466.1527148
11/29/18,430.8381147
11/30/18,384.9291278
12/1/18,374.3347747
12/2/18,384.9291278
12/3/18,377.8662145
12/4/18,339.7264491
12/5/18,300.174101
12/6/18,280.0447729
12/7/18,282.5168009
12/8/18,304.765003
12/9/18,322.069149
12/10/18,324.8943143
12/11/18,330.897799
12/12/18,335.4887011
12/13/18,336.5481297
12/14/18,335.8418552
12/15/18,336.9012838
12/16/18,340.0796032
12/17/18,342.9047685
12/18/18,343.2579225
12/19/18,342.1984603
12/20/18,339.373295
12/21/18,335.4887011
12/22/18,331.6041072
12/23/18,327.3663592
12/24/18,323.4817317
12/25/18,321.0097204
12/26/18,318.8908296
12/27/18,317.831401
12/28/18,317.831401
12/29/18,318.5377092
12/30/18,320.3034123
12/31/18,322.4223031
1/1/19,325.2474684
1/2/19,327.7194796
1/3/19,329.8383705
1/4/19,330.897799
1/5/19,330.544645
1/6/19,328.7789419
1/7/19,326.306897
1/8/19,323.8348857
1/9/19,324.1880398
1/10/19,329.4852164
1/11/19,331.6041072
1/12/19,328.7789419
1/13/19,323.8348857
1/14/19,319.2439837
1/15/19,315.3593898
1/16/19,313.5936531
1/17/19,315.7125102
1/18/19,318.8908296
1/19/19,320.3034123
1/20/19,317.831401
1/21/19,313.240499
1/22/19,309.002751
1/23/19,307.5901683
1/24/19,309.7090592
1/25/19,313.5936531
1/26/19,315.7125102
1/27/19,312.8873449
1/28/19,304.411849
1/29/19,293.4643418
1/30/19,283.2231091
1/31/19,274.7475963
2/1/19,267.3315289
2/2/19,261.3280442
2/3/19,256.0308508
2/4/19,251.4399488
2/5/19,247.9084921
2/6/19,245.0833268
2/7/19,242.9644528
2/8/19,241.1987161
2/9/19,240.1392875
2/10/19,239.7861334
2/11/19,239.7861334
2/12/19,239.7861334
2/13/19,240.1392875
2/14/19,240.1392875
2/15/19,240.8455788
2/16/19,241.1987161
2/17/19,241.5518702
2/18/19,242.2581615
2/19/19,242.6112987
2/20/19,242.9644528
2/21/19,242.9644528
2/22/19,242.2581615
2/23/19,241.5518702
2/24/19,240.4924248
2/25/19,240.4924248
2/26/19,241.9050074
2/27/19,243.6707442
2/28/19,244.7301727
3/1/19,243.6707442
3/2/19,241.9050074
3/3/19,241.1987161
3/4/19,242.9644528
3/5/19,245.7896181
3/6/19,247.2022008
3/7/19,248.2616462
3/8/19,249.3210748
3/9/19,249.6742289
3/10/19,250.0273661
3/11/19,250.3805202
3/12/19,251.0868115
3/13/19,251.4399488
3/14/19,252.4993942
3/15/19,254.2651141
3/16/19,257.0902962
3/17/19,261.3280442
3/18/19,267.6846662
3/19/19,275.4538876
3/20/19,283.2231091
3/21/19,289.9328683
3/22/19,293.8174622
3/23/19,295.2300448
3/24/19,294.5237703
3/25/19,293.4643418
3/26/19,292.7580336
3/27/19,293.1111877
3/28/19,295.2300448
3/29/19,299.1146724
3/30/19,301.9398377
3/31/19,303.3524204
4/1/19,303.7055745
4/2/19,304.0586949
4/3/19,304.411849
4/4/19,304.0586949
4/5/19,304.0586949
4/6/19,304.0586949
4/7/19,304.411849
4/8/19,303.7055745
4/9/19,302.9992663
4/10/19,302.2929918
4/11/19,302.2929918
4/12/19,302.2929918
4/13/19,302.6461122
4/14/19,302.9992663
4/15/19,302.9992663
4/16/19,303.3524204
4/17/19,307.2370143
4/18/19,313.240499
4/19/19,330.544645
4/20/19,370.8033012
4/21/19,384.9291278
4/22/19,384.9291278
4/23/19,388.4606013
4/24/19,402.5864278
4/25/19,402.5864278
4/26/19,395.5235146
4/27/19,406.1179013
4/28/19,399.054988
4/29/19,377.8662145
4/30/19,370.8033012
5/1/19,370.8033012
5/2/19,367.2718277
5/3/19,363.7403879
5/4/19,367.2718277
5/5/19,384.9291278
5/6/19,391.9920747
5/7/19,402.5864278
5/8/19,420.2437279
5/9/19,448.4954147
5/10/19,504.9987884
5/11/19,589.7538489
5/12/19,801.6414496
5/13/19,1183.039104
5/14/19,1366.675051
5/15/19,1543.248052
5/16/19,1899.925459
5/17/19,1906.988406
5/18/19,1765.730006
5/19/19,1592.688411
5/20/19,1497.339099
5/21/19,1412.584005
5/22/19,1317.234557
5/23/19,1366.675051
5/24/19,1493.807558
5/25/19,1733.946812
5/26/19,1818.701906
5/27/19,1808.107553
5/28/19,2083.561407
5/29/19,2652.126415
5/30/19,3637.403812
5/31/19,4343.695814
6/1/19,5297.190017
6/2/19,6074.11122
6/3/19,6886.347022
6/4/19,6921.661623
6/5/19,5650.336018
6/6/19,4696.841815
6/7/19,4273.066614
6/8/19,3813.976812
6/9/19,3326.635223
6/10/19,3005.272416
6/11/19,2860.482609
6/12/19,3139.468004
6/13/19,3778.662212
6/14/19,4767.471016
6/15/19,4908.729416
6/16/19,4767.471016
6/17/19,4696.841815
6/18/19,4873.414816
6/19/19,5155.931617
6/20/19,4484.954215
6/21/19,4167.122814
6/22/19,3990.549813
6/23/19,3708.033012
6/24/19,3672.718412
6/25/19,3414.921723
6/26/19,3280.726405
6/27/19,3277.194998
6/28/19,3566.774612
6/29/19,3439.642105
6/30/19,3132.404922
7/1/19,2934.643216
7/2/19,3248.943211
7/3/19,3337.229711
7/4/19,3418.453399
7/5/19,4061.179013
7/6/19,4025.864413
7/7/19,4237.752014
7/8/19,4096.493613
7/9/19,3919.920613
7/10/19,3778.662212
7/11/19,3778.662212
7/12/19,3778.662212
7/13/19,3672.718412
7/14/19,3813.976812
7/15/19,3990.549813
7/16/19,3708.033012
7/17/19,3602.089212
7/18/19,3743.347612
7/19/19,3672.718412
7/20/19,3397.264423
7/21/19,3160.65671
7/22/19,3019.39831
7/23/19,3037.05561
7/24/19,3457.299405
7/25/19,3813.976812
7/26/19,3464.362217
7/27/19,3308.977923
7/28/19,3248.943211
7/29/19,2987.615116
7/30/19,2811.042115
7/31/19,2687.441015
8/1/19,2613.280409
8/2/19,2574.434402
8/3/19,2613.280409
8/4/19,2503.805202
8/5/19,2355.48372
8/6/19,2302.51182
8/7/19,2450.833302
8/8/19,2468.490602
8/9/19,2436.707408
8/10/19,2528.525314
8/11/19,2457.896114
8/12/19,2616.811815
8/13/19,2694.504097
8/14/19,2521.462502
8/15/19,2387.266914
8/16/19,2295.449007
8/17/19,2507.336608
8/18/19,2327.232201
8/19/19,2224.819807
8/20/19,2118.876007
8/21/19,2037.652454
8/22/19,2083.561407
8/23/19,2080.030001
8/24/19,2002.337853
8/25/19,2034.120913
8/26/19,1889.331106
8/27/19,1748.072706
8/28/19,1659.786205
8/29/19,1670.380559
8/30/19,1635.065958
8/31/19,1762.1986
9/1/19,1942.303006
9/2/19,2048.246807
9/3/19,2037.652454
9/4/19,1981.149013
9/5/19,1963.491713
9/6/19,1882.268159
9/7/19,1797.5132
9/8/19,1776.324359
9/9/19,1751.604112
9/10/19,1741.009759
9/11/19,1649.191852
9/12/19,1553.842405
9/13/19,1518.527805
9/14/19,1599.751358
9/15/19,1536.185105
9/16/19,1610.345711
9/17/19,1723.352459
9/18/19,1730.415406
9/19/19,1624.471605
9/20/19,1525.590752
9/21/19,1440.835658
9/22/19,1373.737998
9/23/19,1345.486211
9/24/19,1349.017751
9/25/19,1324.297504
9/26/19,1288.982904
9/27/19,1274.85701
9/28/19,1211.290757
9/29/19,1144.193098
9/30/19,1094.752604
10/1/19,1052.375056
10/2/19,1020.59193
10/3/19,992.3402767
10/4/19,964.0885562
10/5/19,939.3683765
10/6/19,911.116656
10/7/19,886.3964764
10/8/19,935.8369031
10/9/19,879.3335294
10/10/19,801.6414496
10/11/19,798.1099761
10/12/19,805.1728557
10/13/19,815.7672761
10/14/19,805.1728557
10/15/19,776.9212025
10/16/19,759.2639025
10/17/19,773.389729
10/18/19,791.0470291
10/19/19,773.389729
10/20/19,745.1380759
10/21/19,734.5436555
10/22/19,716.8863554
10/23/19,699.2290553
10/24/19,681.5717553
10/25/19,663.9144552
10/26/19,663.9144552
10/27/19,642.725749
10/28/19,610.942555
10/29/19,476.7471016
10/30/19,427.3066749
10/31/19,483.8100148
11/1/19,508.5302282
11/2/19,519.124615
11/3/19,550.9077753
11/4/19,536.781915
11/5/19,529.7190017
11/6/19,487.3414883
11/7/19,455.558328
11/8/19,497.9358751
11/9/19,519.124615
11/10/19,487.3414883
11/11/19,416.7122881
11/12/19,430.8381147
11/13/19,497.9358751
11/14/19,497.9358751
11/15/19,508.5302282
11/16/19,522.6560884
11/17/19,529.7190017
11/18/19,529.7190017
11/19/19,501.4673149
11/20/19,476.7471016
11/21/19,402.5864278
11/22/19,384.9291278
11/23/19,427.3066749
11/24/19,483.8100148
11/25/19,437.901028
11/26/19,391.9920747
11/27/19,367.2718277
11/28/19,345.3767797
11/29/19,301.9398377
11/30/19,287.8139775
12/1/19,310.7684877
12/2/19,352.0865726
12/3/19,388.4606013
12/4/19,427.3066749
12/5/19,430.8381147
12/6/19,406.1179013
12/7/19,409.6493748
12/8/19,416.7122881
12/9/19,395.5235146
12/10/19,384.9291278
12/11/19,395.5235146
12/12/19,416.7122881
12/13/19,416.7122881
12/14/19,413.1808146
12/15/19,399.054988
12/16/19,363.7403879
12/17/19,391.9920747
12/18/19,416.7122881
12/19/19,420.2437279
12/20/19,423.7752014
12/21/19,423.7752014
12/22/19,413.1808146
12/23/19,388.4606013
12/24/19,367.2718277
12/25/19,353.1460012
12/26/19,352.0865726
12/27/19,356.6774746
12/28/19,363.7403879
12/29/19,374.3347747
12/30/19,381.397688
12/31/19,388.4606013
1/1/20,395.5235146
1/2/20,399.054988
1/3/20,399.054988
1/4/20,399.054988
1/5/20,399.054988
1/6/20,391.9920747
1/7/20,381.397688
1/8/20,360.2089144
1/9/20,332.3103817
1/10/20,303.7055745
1/11/20,277.2196075
1/12/20,257.0902962
1/13/20,247.9084921
1/14/20,249.6742289
1/15/20,260.2685988
1/16/20,277.2196075
1/17/20,298.0552102
1/18/20,319.9502919
1/19/20,340.7858776
1/20/20,356.6774746
1/21/20,367.2718277
1/22/20,374.3347747
1/23/20,374.3347747
1/24/20,377.8662145
1/25/20,374.3347747
1/26/20,374.3347747
1/27/20,370.8033012
1/28/20,367.2718277
1/29/20,363.7403879
1/30/20,360.2089144
1/31/20,356.6774746
2/1/20,353.1460012
2/2/20,339.7264491
2/3/20,319.9502919
2/4/20,301.5866836
2/5/20,302.9992663
2/6/20,311.8279163
2/7/20,320.3034123
2/8/20,329.1320623
2/9/20,331.9572276
2/10/20,331.2509531
2/11/20,330.1915245
2/12/20,329.1320623
2/13/20,328.4257878
2/14/20,327.3663592
2/15/20,326.6600511
2/16/20,323.1285776
2/17/20,315.3593898
2/18/20,307.5901683
2/19/20,300.8804091
2/20/20,304.411849
2/21/20,310.4153337
2/22/20,316.4188184
2/23/20,319.9502919
2/24/20,322.4223031
2/25/20,327.0132051
2/26/20,332.3103817
2/27/20,337.6075919
2/28/20,337.2544378
2/29/20,324.1880398
3/1/20,312.8873449
3/2/20,306.8838602
3/3/20,300.8804091
3/4/20,294.5237703
3/5/20,284.6356917
3/6/20,293.8174622
3/7/20,283.5762295
3/8/20,272.9818596
3/9/20,268.3909575
3/10/20,271.5692769
3/11/20,286.4013948
3/12/20,276.8664703
3/13/20,265.9189463
3/14/20,238.0203967
3/15/20,235.9015227
3/16/20,256.7371422
3/17/20,267.6846662
3/18/20,269.8035402
3/19/20,271.9224142
3/20/20,272.9818596
3/21/20,270.5098315
3/22/20,268.0378203
3/23/20,265.5657922
3/24/20,263.0937641
3/25/20,260.6217529
3/26/20,259.5623075
3/27/20,263.0937641
3/28/20,266.6252376
3/29/20,270.1566942
3/30/20,262.0343355
3/31/20,253.2056855
4/1/20,240.1392875
4/2/20,234.8420941
4/3/20,256.0308508
4/4/20,258.1497248
4/5/20,268.0378203
4/6/20,283.9293836
4/7/20,286.0482744
4/8/20,288.1671316
4/9/20,294.1706163
4/10/20,302.2929918
4/11/20,296.2895071
4/12/20,280.7510642
4/13/20,276.5133162
4/14/20,293.1111877
4/15/20,306.8838602
4/16/20,309.002751
4/17/20,316.0656643
4/18/20,321.0097204
4/19/20,332.6635358
4/20/20,360.2089144
4/21/20,384.9291278
4/22/20,399.054988
4/23/20,416.7122881
4/24/20,420.2437279
4/25/20,423.7752014
4/26/20,430.8381147
4/27/20,427.3066749
4/28/20,416.7122881
4/29/20,420.2437279
4/30/20,455.558328
5/1/20,512.0617017
5/2/20,533.2504752
5/3/20,565.0336018
5/4/20,579.1594284
5/5/20,565.0336018
5/6/20,582.6909019
5/7/20,618.005502
5/8/20,688.6347022
5/9/20,716.8863554
5/10/20,731.0122493
5/11/20,720.4178289
5/12/20,709.8234758
5/13/20,699.2290553
5/14/20,706.2920023
5/15/20,783.9841495
5/16/20,971.1515032
5/17/20,1137.130151
5/18/20,1288.982904
5/19/20,1606.814305
5/20/20,1779.8559
5/21/20,2104.750113
5/22/20,2648.595009
5/23/20,2457.896114
5/24/20,2351.952314
5/25/20,2426.11292
5/26/20,2588.560296
5/27/20,2740.412915
5/28/20,2630.937709
5/29/20,2581.497215
5/30/20,3125.34211
5/31/20,5014.673216
6/1/20,8475.504028
6/2/20,7451.380624
6/3/20,6285.99882
6/4/20,5403.133818
6/5/20,4626.212615
6/6/20,4449.639615
6/7/20,4838.100216
6/8/20,4696.841815
6/9/20,4273.066614
6/10/20,3849.291413
6/11/20,3884.606013
6/12/20,4273.066614
6/13/20,5473.763018
6/14/20,6956.976223
6/15/20,6497.886421
6/16/20,5367.819217
6/17/20,4590.898015
6/18/20,4308.381214
6/19/20,4732.156415
6/20/20,5367.819217
6/21/20,5720.965219
6/22/20,6285.99882
6/23/20,6639.144822
6/24/20,7627.953625
6/25/20,8051.728826
6/26/20,7627.953625
6/27/20,7804.526625
6/28/20,7910.470426
6/29/20,6745.088622
6/30/20,5968.167419
7/1/20,6038.79662
7/2/20,6003.48202
7/3/20,5544.392218
7/4/20,5155.931617
7/5/20,4908.729416
7/6/20,4520.268815
7/7/20,4414.325014
7/8/20,4626.212615
7/9/20,4732.156415
7/10/20,4520.268815
7/11/20,4308.381214
7/12/20,4590.898015
7/13/20,4661.527215
7/14/20,4061.179013
7/15/20,3708.033012
7/16/20,3743.347612
7/17/20,4131.808213
7/18/20,4131.808213
7/19/20,3990.549813
7/20/20,3884.606013
7/21/20,3813.976812
7/22/20,3849.291413
7/23/20,4167.122814
7/24/20,4449.639615
7/25/20,4061.179013
7/26/20,3531.460012
7/27/20,3277.194998
7/28/20,3294.852299
7/29/20,3450.236323
7/30/20,3520.865524
7/31/20,3496.145411
8/1/20,3467.893624
8/2/20,3884.606013
8/3/20,3884.606013
8/4/20,3637.403812
8/5/20,3365.481499
8/6/20,3153.593898
8/7/20,3277.194998
8/8/20,3100.621998
8/9/20,2807.510709
8/10/20,2514.39942
8/11/20,2348.420908
8/12/20,2235.41416
8/13/20,2094.15576
8/14/20,1963.491713
8/15/20,1857.547912
8/16/20,1861.079453
8/17/20,1910.519812
8/18/20,2062.372701
8/19/20,2143.596254
8/20/20,2164.78496
8/21/20,2065.904107
8/22/20,2288.386195
8/23/20,2433.176002
8/24/20,2178.910854
8/25/20,2076.49846
8/26/20,1963.491713
8/27/20,1829.296259
8/28/20,1719.821053
8/29/20,1649.191852
8/30/20,1582.094058
8/31/20,1479.681799
9/1/20,1380.800811
9/2/20,1486.744611
9/3/20,1649.191852
9/4/20,1529.122158
9/5/20,1557.373811
9/6/20,1578.562652
9/7/20,1656.254799
9/8/20,1536.185105
9/9/20,1409.052598
9/10/20,1349.017751
9/11/20,1299.577257
9/12/20,1288.982904
9/13/20,1281.919957
9/14/20,1257.19971
9/15/20,1214.822298
9/16/20,1175.976157
9/17/20,1168.91321
9/18/20,1179.507698
9/19/20,1168.91321
9/20/20,1161.850398
9/21/20,1137.130151
9/22/20,1091.22113
9/23/20,1048.84365
9/24/20,1108.87843
9/25/20,1140.661557
9/26/20,1055.90653
9/27/20,988.8088032
9/28/20,911.116656
9/29/20,844.0189293
9/30/20,836.9560497
10/1/20,844.0189293
10/2/20,840.4874558
10/3/20,840.4874558
10/4/20,833.4245762
10/5/20,844.0189293
10/6/20,882.8650029
10/7/20,1013.52905
10/8/20,1013.52905
10/9/20,1112.409904
10/10/20,1190.102051
10/11/20,1306.640204
10/12/20,1204.22781
10/13/20,1119.472851
10/14/20,1077.095304
10/15/20,992.3402767
10/16/20,928.7739561
10/17/20,907.5852499
10/18/20,794.5785026
10/19/20,780.452676
10/20/20,773.389729
10/21/20,745.1380759
10/22/20,709.8234758
10/23/20,653.3201021
10/24/20,603.8796754
10/25/20,512.0617017
10/26/20,529.7190017
10/27/20,649.7886286
10/28/20,692.1661757
10/29/20,706.2920023
10/30/20,706.2920023
10/31/20,678.0403492
11/1/20,642.725749
11/2/20,628.5998551
11/3/20,610.942555
11/4/20,618.005502
11/5/20,798.1099761
11/6/20,946.4312561
11/7/20,734.5436555
11/8/20,670.9774022
11/9/20,625.068449
11/10/20,607.4111489
11/11/20,628.5998551
11/12/20,522.6560884
11/13/20,519.124615
11/14/20,589.7538489
11/15/20,582.6909019
11/16/20,582.6909019
11/17/20,593.285255
11/18/20,600.348202
11/19/20,586.2223754
11/20/20,572.0965488
11/21/20,572.0965488
11/22/20,515.5931752
11/23/20,483.8100148
11/24/20,519.124615
11/25/20,547.3763018
11/26/20,533.2504752
11/27/20,526.1875282
11/28/20,522.6560884
11/29/20,441.4325014
11/30/20,413.1808146
12/1/20,459.0898015
12/2/20,409.6493748
12/3/20,391.9920747
12/4/20,413.1808146
12/5/20,413.1808146
12/6/20,384.9291278
12/7/20,388.4606013
12/8/20,455.558328
12/9/20,480.278575
12/10/20,452.0268882
12/11/20,402.5864278
12/12/20,344.3173511
12/13/20,313.9468071
12/14/20,347.1425164
12/15/20,377.8662145
12/16/20,406.1179013
12/17/20,416.7122881
12/18/20,423.7752014
12/19/20,430.8381147
12/20/20,430.8381147
12/21/20,427.3066749
12/22/20,399.054988
12/23/20,363.7403879
12/24/20,347.1425164
12/25/20,343.964197
12/26/20,367.2718277
12/27/20,399.054988
12/28/20,395.5235146
12/29/20,367.2718277
12/30/20,367.2718277
12/31/20,384.9291278
1/1/21,402.5864278
1/2/21,416.7122881
1/3/21,416.7122881
1/4/21,402.5864278
1/5/21,402.5864278
1/6/21,402.5864278
1/7/21,363.7403879
1/8/21,329.1320623
1/9/21,319.9502919
1/10/21,342.9047685
1/11/21,370.8033012
1/12/21,388.4606013
1/13/21,391.9920747
1/14/21,381.397688
1/15/21,370.8033012
1/16/21,377.8662145
1/17/21,381.397688
1/18/21,374.3347747
1/19/21,353.1460012
1/20/21,360.2089144
1/21/21,315.0062357
1/22/21,288.8734397
1/23/21,294.5237703
1/24/21,304.765003
1/25/21,302.6461122
1/26/21,300.174101
1/27/21,306.1775857
1/28/21,313.5936531
1/29/21,324.1880398
1/30/21,337.9607123
1/31/21,343.964197
2/1/21,348.9082532
2/2/21,352.439693
2/3/21,347.1425164
2/4/21,340.4327572
2/5/21,328.0726337
2/6/21,300.8804091
2/7/21,285.6951203
2/8/21,280.0447729
2/9/21,277.5727616
2/10/21,275.4538876
2/11/21,273.3349968
2/12/21,274.7475963
2/13/21,277.2196075
2/14/21,280.0447729
2/15/21,282.869955
2/16/21,285.3419662
2/17/21,288.1671316
2/18/21,290.9922969
2/19/21,293.8174622
2/20/21,296.2895071
2/21/21,299.1146724
2/22/21,301.9398377
2/23/21,302.6461122
2/24/21,292.4048795
2/25/21,285.6951203
2/26/21,286.0482744
2/27/21,286.7545489
2/28/21,287.107703
3/1/21,287.4608571
3/2/21,287.8139775
3/3/21,288.8734397
3/4/21,291.698605
3/5/21,294.8769244
3/6/21,291.3454509
3/7/21,283.2231091
3/8/21,280.3979269
3/9/21,259.9154616
3/10/21,265.9189463
3/11/21,262.3874728
3/12/21,268.7441116
3/13/21,270.5098315
3/14/21,275.8070249
3/15/21,277.5727616
3/16/21,270.8629856
3/17/21,266.2720835
3/18/21,268.0378203
3/19/21,277.5727616
3/20/21,277.2196075
3/21/21,271.9224142
3/22/21,267.3315289
3/23/21,261.3280442
3/24/21,263.4469182
3/25/21,263.4469182
3/26/21,262.0343355
3/27/21,259.5623075
3/28/21,262.3874728
3/29/21,255.3245595
3/30/21,238.0203967
3/31/21,253.2056855
4/1/21,259.5623075
4/2/21,263.8000555
4/3/21,265.9189463
4/4/21,280.7510642
4/5/21,279.6916356
4/6/21,277.5727616
4/7/21,290.6391428
4/8/21,292.0517591
4/9/21,270.5098315
4/10/21,274.3944422
4/11/21,264.1532095
4/12/21,254.9714054
4/13/21,250.3805202
4/14/21,256.0308508
4/15/21,266.6252376
4/16/21,286.0482744
4/17/21,309.3559051
4/18/21,342.1984603
4/19/21,334.7823929
4/20/21,325.6006225
4/21/21,333.0166899
4/22/21,356.6774746
4/23/21,353.1460012
4/24/21,341.4921858
4/25/21,333.7229644
4/26/21,328.0726337
4/27/21,328.0726337
4/28/21,338.3138664
4/29/21,352.7928471
4/30/21,395.5235146
5/1/21,487.3414883
5/2/21,515.5931752
5/3/21,501.4673149
5/4/21,497.9358751
5/5/21,501.4673149
5/6/21,529.7190017
5/7/21,607.4111489
5/8/21,741.6066024
5/9/21,741.6066024
5/10/21,695.6976492
5/11/21,681.5717553
5/12/21,699.2290553
5/13/21,741.6066024
5/14/21,833.4245762
5/15/21,1045.312177
5/16/21,1359.612104
5/17/21,1952.897359
5/18/21,2722.755615
5/19/21,2638.000521
5/20/21,2246.008513
5/21/21,1938.7716
5/22/21,1716.289512
5/23/21,1656.254799
5/24/21,1808.107553
5/25/21,2115.344601
5/26/21,2263.665813
5/27/21,2595.623108
5/28/21,3026.461122
5/29/21,2867.545422
5/30/21,2683.909609
5/31/21,2924.048997
6/1/21,3778.662212
6/2/21,5191.246217
6/3/21,6851.032422
6/4/21,8051.728826
6/5/21,8192.987227
6/6/21,7168.863823
6/7/21,5756.279819
6/8/21,4555.583415
6/9/21,3849.291413
6/10/21,3510.271305
6/11/21,3164.188116
6/12/21,2899.328616
6/13/21,2846.356715
6/14/21,3496.145411
6/15/21,6285.99882
6/16/21,8051.728826
6/17/21,7027.605423
6/18/21,6003.48202
6/19/21,5615.021418
6/20/21,5968.167419
6/21/21,5968.167419
6/22/21,6144.74042
6/23/21,6603.830222
6/24/21,6674.459422
6/25/21,6497.886421
6/26/21,6391.942621
6/27/21,6709.774022
6/28/21,6956.976223
6/29/21,7062.920023
6/30/21,7098.234623
7/1/21,6956.976223
7/2/21,6745.088622
7/3/21,6391.942621
7/4/21,5579.706818
7/5/21,5120.617017
7/6/21,4696.841815
7/7/21,4414.325014
7/8/21,4343.695814
7/9/21,4096.493613
7/10/21,3849.291413
7/11/21,3672.718412
7/12/21,3421.984805
7/13/21,3195.97131
7/14/21,3082.964698
7/15/21,2987.615116
7/16/21,2895.797209
7/17/21,2800.447897
7/18/21,2715.692803
7/19/21,2634.469115
7/20/21,2588.560296
7/21/21,2577.965808
7/22/21,2535.588396
7/23/21,2288.386195
7/24/21,2094.15576
7/25/21,2027.0581
7/26/21,2058.84116
7/27/21,2090.624354
7/28/21,2111.81306
7/29/21,2087.092813
7/30/21,2094.15576
7/31/21,2097.687301
8/1/21,2090.624354
8/2/21,2207.162507
8/3/21,2472.022008
8/4/21,2426.11292
8/5/21,2355.48372
8/6/21,2277.791707
8/7/21,2125.938954
8/8/21,1963.491713
8/9/21,1808.107553
8/10/21,1772.792953
8/11/21,1857.547912
8/12/21,1963.491713
8/13/21,1878.736753
8/14/21,1861.079453
8/15/21,1864.610859
8/16/21,1882.268159
8/17/21,1959.960306
8/18/21,1755.135653
8/19/21,1610.345711
8/20/21,1691.569399
8/21/21,1606.814305
8/22/21,1585.625599
8/23/21,1652.723258
8/24/21,1550.310999
8/25/21,1430.241305
8/26/21,1341.954804
8/27/21,1274.85701
8/28/21,1214.822298
8/29/21,1172.444751
8/30/21,1165.381804
8/31/21,1197.164998
9/1/21,1243.073951
9/2/21,1161.850398
9/3/21,1077.095304
9/4/21,1020.59193
9/5/21,992.3402767
9/6/21,1017.060456
9/7/21,992.3402767
9/8/21,1002.93463
9/9/21,1020.59193
9/10/21,1091.22113
9/11/21,1250.136898
9/12/21,1303.108798
9/13/21,1440.835658
9/14/21,1271.325604
9/15/21,1200.696404
9/16/21,1154.787451
9/17/21,1038.24923
9/18/21,1119.472851
9/19/21,1592.688411
9/20/21,1387.863758
9/21/21,1239.54241
9/22/21,1133.59861
9/23/21,1070.032357
9/24/21,1002.93463
9/25/21,960.5571501
9/26/21,949.9627296
9/27/21,985.2773297
9/28/21,1349.017751
9/29/21,1334.891857
9/30/21,1225.416651
10/1/21,1186.57051
10/2/21,1126.53573
10/3/21,1052.375056
10/4/21,992.3402767
10/5/21,935.8369031
10/6/21,879.3335294
10/7/21,854.6133497
10/8/21,805.1728557
10/9/21,776.9212025
10/10/21,766.3268494
10/11/21,755.732429
10/12/21,720.4178289
10/13/21,709.8234758
10/14/21,699.2290553
10/15/21,681.5717553
10/16/21,670.9774022
10/17/21,663.9144552
10/18/21,656.8515756
10/19/21,649.7886286
10/20/21,635.6628021
10/21/21,628.5998551
10/22/21,621.5369755
10/23/21,635.6628021
10/24/21,642.725749
10/25/21,632.1313286
10/26/21,628.5998551
10/27/21,621.5369755
10/28/21,610.942555
10/29/21,618.005502
10/30/21,600.348202
10/31/21,522.6560884
11/1/21,462.621275
11/2/21,466.1527148
11/3/21,536.781915
11/4/21,572.0965488
11/5/21,565.0336018
11/6/21,550.9077753
11/7/21,540.3133885
11/8/21,529.7190017
11/9/21,490.8729281
11/10/21,508.5302282
11/11/21,473.2156281
11/12/21,476.7471016
11/13/21,519.124615
11/14/21,522.6560884
11/15/21,547.3763018
11/16/21,575.6279549
11/17/21,504.9987884
11/18/21,402.5864278
11/19/21,406.1179013
11/20/21,420.2437279
11/21/21,490.8729281
11/22/21,487.3414883
11/23/21,490.8729281
11/24/21,476.7471016
11/25/21,466.1527148
11/26/21,473.2156281
11/27/21,476.7471016
11/28/21,483.8100148
11/29/21,504.9987884
11/30/21,504.9987884
12/1/21,519.124615
12/2/21,554.4392151
12/3/21,540.3133885
12/4/21,490.8729281
12/5/21,459.0898015
12/6/21,402.5864278
12/7/21,377.8662145
12/8/21,409.6493748
12/9/21,469.6841883
12/10/21,459.0898015
12/11/21,466.1527148
12/12/21,462.621275
12/13/21,444.9639749
12/14/21,430.8381147
12/15/21,402.5864278
12/16/21,381.397688
12/17/21,360.2089144
12/18/21,342.1984603
12/19/21,360.2089144
12/20/21,352.439693
12/21/21,353.1460012
12/22/21,377.8662145
12/23/21,416.7122881
12/24/21,413.1808146
12/25/21,374.3347747
12/26/21,345.7299338
12/27/21,327.7194796
12/28/21,316.0656643
12/29/21,304.411849
12/30/21,292.4048795
12/31/21,284.6356917